channel_id,handle,title,subs,n,median,mean,skew,hit_rate,min_views,max_views,repeatable,views_per_sub,operator,operator_evidence,verdict,verdict_reason,criteria_version,status,notes,source,first_seen,last_checked
UCdr_45nR1o2P4ycckLh1xOQ,,Kalam Kids - Learning Islam & Arabic for Kids,316000,38,1330195,1872361,1.41,92.1,9873,5962039,True,4.21,unknown,,watch,"repeatable, but 316,000 subs is above 150,000 - its numbers cannot be extrapolated to a new channel",2026-07-30.2,,,scan-rev2-channel-profiles.csv#kids_learning,2026-07-30,2026-07-30
UCBeZYVlqOeSSlrBSXl4aTig,,Pilot Debrief,1030000,43,788580,1102951,1.4,100.0,159071,6562928,True,0.77,unknown,,reject,"0.8 views per subscriber - it is not being served beyond its own audience, which is the only way a new channel grows",2026-07-30.2,watch,"C-021 strongest niche but 1.03M subs, unreachable; advertiser-suitability risk",scan-rev2-channel-profiles.csv#aviation,2026-07-30,2026-07-30
UCXtu3iJQRFvLnOi9ETQKpUg,,Joe Bart Philosophy,878000,50,554352,713799,1.29,100.0,157135,3018892,True,0.63,unknown,,reject,"0.6 views per subscriber - it is not being served beyond its own audience, which is the only way a new channel grows",2026-07-30.2,watch,"repeatable but 878k subs, unreachable",scan-rev2-channel-profiles.csv#philosophy,2026-07-30,2026-07-30
UC_ChdwB3-d8CfWi53A3vbGA,,Air Crash Investigation,237000,43,478896,763598,1.59,83.7,22779,4485771,True,2.02,unknown,,watch,"repeatable, but 237,000 subs is above 150,000 - its numbers cannot be extrapolated to a new channel",2026-07-30.2,watch,C-006 age-confounded; excluded from cross-channel test,scan-rev2-channel-profiles.csv#aviation,2026-07-30,2026-07-30
UCZJxnraUMX4BXGCFTZO14xw,someunfilteredguy,someunfilteredguy,336000,10,338064,1083811,3.21,70.0,6825,3927568,False,1.01,unknown,,reject,"lottery-shaped: mean is 3.2x the median, above 3.0",2026-07-30.2,,,https://www.threads.net/@onlinemoneyai1/post/DI4jWJoyuNT,2026-07-30,2026-07-30
UCxa-R6YNIxqlbdVrx4nmOzA,beyondmilitary,Beyond Military,573000,50,278308,473124,1.7,84.0,36347,2302934,True,0.49,unknown,"no personal-brand signals found — this is not proof of a faceless operation, only that none were detected",reject,"0.5 views per subscriber - it is not being served beyond its own audience, which is the only way a new channel grows",2026-07-30.2,,,manual: user request,2026-08-01,2026-08-01
UCxH2HgyINJnROn6TgrTzJkw,howmoneyworksuncut,How Money Works Uncut,113000,48,168484,250769,1.49,68.8,28609,2501791,True,1.49,unknown,,exemplar,"consistent and reachable: 113,000 subs, median 168,484, 1.5 views per subscriber, skew 1.5",2026-07-30.2,,,scan-rev2-channel-profiles.csv#economics,2026-07-30,2026-07-30
UCbrSe4uBIeqJweOYnJAOsrw,EverythingProfessor,EverythingProfessor,576000,50,123184,440240,3.57,60.0,10971,4177067,False,0.21,unknown,"no personal-brand signals found — this is not proof of a faceless operation, only that none were detected",reject,"lottery-shaped: mean is 3.6x the median, above 3.0",2026-07-30.2,,,channel: @@EverythingProfessor,2026-08-01,2026-08-01
UC1I3jchpTW8mvQkzV-fmFoQ,,Art History Explained,16700,9,111040,98220,0.88,55.6,1223,216954,True,6.65,personal,tip jar: ko-fi.com; personal publication: substack.com (C-048),watch,"repeatable and reachable, but it is a personal brand rather than a faceless operation (tip jar: ko-fi.com; personal publication: substack.com (C-048)) - its numbers may rest on the operator, not the format",2026-07-30.2,watch,Christopher P Jones narrating his own work; not a faceless operation,C034-falsifier-profiles.csv#art_bio,2026-07-30,2026-07-30
UCdsNdRqJYgnwrJ_X9xPayFQ,,143 Explained,76600,47,76585,241190,3.15,46.8,752,2952021,False,1.0,unknown,,reject,"lottery-shaped: mean is 3.1x the median, above 3.0",2026-07-30.2,,,scan-rev2-channel-profiles.csv#history,2026-07-30,2026-07-30
UCJjUlbs-ZEo4draiZzz66sQ,,WILD NATURE - Nature animal documentary,221000,49,76321,85788,1.12,32.7,5312,316188,False,0.35,unknown,,reject,"0.3 views per subscriber - it is not being served beyond its own audience, which is the only way a new channel grows",2026-07-30.2,,,scan-rev2-channel-profiles.csv#animals,2026-07-30,2026-07-30
UCFbkvi0Syfeuhs5XOQLk0jg,,Geo Study,840000,19,62006,150297,2.42,31.6,1043,683764,False,0.07,unknown,,reject,"0.1 views per subscriber - it is not being served beyond its own audience, which is the only way a new channel grows",2026-07-30.2,,,scan-rev2-channel-profiles.csv#geography,2026-07-30,2026-07-30
UCQmp1YRdjbLNBJfSQX7sYsw,,Imagine the Physics,69200,15,57374,149957,2.61,46.7,18993,501533,True,0.83,unknown,,reject,"0.8 views per subscriber - it is not being served beyond its own audience, which is the only way a new channel grows",2026-07-30.2,watch,C-014 refuted here - hits and flops share identical opening structure,scan-rev2-channel-profiles.csv#physics,2026-07-30,2026-07-30
UCrhrgnyufxBDV9edSuzukDQ,UCrhrgnyufxBDV9edSuzukDQ,The Analyst,599000,50,56764,129379,2.28,26.0,15699,1100442,False,0.09,unknown,"no personal-brand signals found — this is not proof of a faceless operation, only that none were detected",reject,"0.1 views per subscriber - it is not being served beyond its own audience, which is the only way a new channel grows",2026-07-30.2,,,channel: @https://www.youtube.com/channel/UCrhrgnyufxBDV9edSuzukDQ,2026-08-01,2026-08-01
UCOBmxmWH92jM7o-Nc9fmThw,,Food Science World,34500,6,54258,61622,1.14,33.3,2406,137395,False,1.57,unknown,,reject,only 6 long-form videos; need 8 to judge,2026-07-30.2,,,scan-rev2-channel-profiles.csv#food_science,2026-07-30,2026-07-30
UCsREDGnfVpyEmY1JhEWg6qQ,,Ali Hassan,60500,37,51749,57998,1.12,13.5,6373,179134,False,0.86,unknown,,reject,"0.9 views per subscriber - it is not being served beyond its own audience, which is the only way a new channel grows",2026-07-30.2,,,scan-rev2-channel-profiles.csv#philosophy,2026-07-30,2026-07-30
UCZU4FTbN8itqUkaEwvwemxg,truecrimeforensicmanipur,True Crime & Forensic Manipur,8340,11,45548,43148,0.95,9.1,10675,110304,False,5.46,unknown,,exemplar,"consistent and reachable: 8,340 subs, median 45,548, 5.5 views per subscriber, skew 0.9",2026-07-30.2,,,scan-rev2-channel-profiles.csv#crime,2026-07-30,2026-07-30
UCMOQkZ0IMq1qb2XTC_yLlEQ,,Plane Curious,77600,50,45250,53956,1.19,12.0,4464,192303,False,0.58,unknown,,reject,"0.6 views per subscriber - it is not being served beyond its own audience, which is the only way a new channel grows",2026-07-30.2,,,scan-rev2-channel-profiles.csv#aviation,2026-07-30,2026-07-30
UCBsp9Vhj8RCgo6NRrWkgkhA,,Engineering Insiders,78900,26,43690,74733,1.71,23.1,5484,331360,False,0.55,unknown,,reject,"0.6 views per subscriber - it is not being served beyond its own audience, which is the only way a new channel grows",2026-07-30.2,,,C034-falsifier-profiles.csv#software,2026-07-30,2026-07-30
UCiwkWn5Q01AX3YdFdLwu09g,,Wildlife Unseen Explained,66700,13,42869,524995,12.25,23.1,1023,4589085,False,0.64,unknown,,reject,"lottery-shaped: mean is 12.2x the median, above 3.0",2026-07-30.2,,,scan-rev2-channel-profiles.csv#animals,2026-07-30,2026-07-30
UCBhAW9FzB_qhzxbkcqXqLPQ,techeexplained,Tech Explained,13200,14,38824,61359,1.58,21.4,2453,216377,False,2.94,unknown,,exemplar,"consistent and reachable: 13,200 subs, median 38,824, 2.9 views per subscriber, skew 1.6",2026-07-30.2,,,scan-rev2-channel-profiles.csv#technology,2026-07-30,2026-07-30
UClN2xNiyHgZVaFBVi706nkA,,English life stories,101000,47,37167,50456,1.36,8.5,9890,257199,False,0.37,unknown,,reject,"0.4 views per subscriber - it is not being served beyond its own audience, which is the only way a new channel grows",2026-07-30.2,,,scan-rev2-channel-profiles.csv#language,2026-07-30,2026-07-30
UCQLu9FjXUJvejkRwAbD82uw,,Fantasy Mathematics,217000,40,32318,29173,0.9,0.0,1832,67171,False,0.15,unknown,,reject,"0.1 views per subscriber - it is not being served beyond its own audience, which is the only way a new channel grows",2026-07-30.2,,,scan-rev2-channel-profiles.csv#math,2026-07-30,2026-07-30
UCJsxodKfjSKkGuYgClKKNiw,,Rumi English Stories,3990,13,29746,103951,3.49,15.4,514,911149,False,7.46,unknown,,reject,"lottery-shaped: mean is 3.5x the median, above 3.0",2026-07-30.2,,,scan-rev2-channel-profiles.csv#language,2026-07-30,2026-07-30
UCtnItzU7q_bA1eoEBjqcVrw,,Shankar Nath,317000,49,29096,41591,1.43,8.2,5705,240437,False,0.09,unknown,,reject,"0.1 views per subscriber - it is not being served beyond its own audience, which is the only way a new channel grows",2026-07-30.2,,,C034-falsifier-profiles.csv#investing,2026-07-30,2026-07-30
UC3fVsjOEcQDd0pR1dg390eA,,Physics by Prateek Jain,99300,20,28260,39076,1.38,10.0,2400,138309,False,0.28,unknown,,reject,"0.3 views per subscriber - it is not being served beyond its own audience, which is the only way a new channel grows",2026-07-30.2,,,scan-rev2-channel-profiles.csv#physics,2026-07-30,2026-07-30
UCc0mgUbWeVc_lNmMnawiv4g,,Viral Maths ,572000,16,26768,63778,2.38,25.0,2721,299281,False,0.05,unknown,,reject,"0.0 views per subscriber - it is not being served beyond its own audience, which is the only way a new channel grows",2026-07-30.2,,,scan-rev2-channel-profiles.csv#math,2026-07-30,2026-07-30
UCZNStI0lZrdJtQed7h8Ha5Q,narrativearthistory,Narrative Art History,23300,16,26106,47871,1.83,6.2,2966,336730,False,1.12,unknown,,exemplar,"consistent and reachable: 23,300 subs, median 26,106, 1.1 views per subscriber, skew 1.8",2026-07-30.2,watch,"C-035: larger than the exemplar, 6x lower views/sub",C034-falsifier-profiles.csv#art_history2,2026-07-30,2026-07-30
UCEcaRr-loeUCvjSX_O9C2eg,,English Simple Stories,57800,49,25390,44341,1.75,8.2,1526,478393,False,0.44,unknown,,reject,"0.4 views per subscriber - it is not being served beyond its own audience, which is the only way a new channel grows",2026-07-30.2,,,scan-rev2-channel-profiles.csv#language,2026-07-30,2026-07-30
UCmtxllbImmKucwetmr1DTEw,techexplainerguy,Tech Explainer Guy,10200,27,24663,62842,2.55,22.2,46,293861,False,2.42,unknown,,exemplar,"consistent and reachable: 10,200 subs, median 24,663, 2.4 views per subscriber, skew 2.5",2026-07-30.2,,,scan-rev2-channel-profiles.csv#technology,2026-07-30,2026-07-30
UCNZegH5HQPx_chNsPqJw1Rw,,Sleepy Science Channel,319000,50,21539,29915,1.39,2.0,6250,141741,False,0.07,unknown,,reject,"0.1 views per subscriber - it is not being served beyond its own audience, which is the only way a new channel grows",2026-07-30.2,,,scan-rev2-channel-profiles.csv#space,2026-07-30,2026-07-30
UCafx97cEzi9aSXRJ040vb5Q,,Myth Explainer,18400,35,21434,78805,3.68,17.1,2592,790223,False,1.16,unknown,,reject,"lottery-shaped: mean is 3.7x the median, above 3.0",2026-07-30.2,,,scan-rev2-channel-profiles.csv#mythology,2026-07-30,2026-07-30
UCeh64-YS9-WB5YwZGKB_cjg,,Crime Lens - True Crime,22100,50,19664,54711,2.78,16.0,483,398443,False,0.89,unknown,,reject,"0.9 views per subscriber - it is not being served beyond its own audience, which is the only way a new channel grows",2026-07-30.2,,,scan-rev2-channel-profiles.csv#crime,2026-07-30,2026-07-30
UCiLYSOEmbH5cVD7aoWbFcoQ,pepeexplainscars,Pepe Explains Cars,5530,11,19664,45327,2.31,9.1,66,303623,False,3.56,unknown,,exemplar,"consistent and reachable: 5,530 subs, median 19,664, 3.6 views per subscriber, skew 2.3",2026-07-30.2,,,scan-rev2-channel-profiles.csv#cars,2026-07-30,2026-07-30
UCVSFPHpniGRq8pGC_gdJGxQ,,Leo English Stories,65400,50,17869,152057,8.51,18.0,658,2775707,False,0.27,unknown,,reject,"lottery-shaped: mean is 8.5x the median, above 3.0",2026-07-30.2,,,scan-rev2-channel-profiles.csv#language,2026-07-30,2026-07-30
UCZhlnjJSWiebeJ8adCtoRrQ,chinasurvivalguide,China Survival Guide,2940,9,17043,22516,1.32,0.0,6104,64141,False,5.8,unknown,,exemplar,"consistent and reachable: 2,940 subs, median 17,043, 5.8 views per subscriber, skew 1.3",2026-07-30.2,,,scan-rev2-channel-profiles.csv#survival,2026-07-30,2026-07-30
UCHacVMLp7bHDC7e4eoPi9Dw,,Psychology Simplified,274000,50,16873,64497,3.82,10.0,926,1050306,False,0.06,unknown,,reject,"lottery-shaped: mean is 3.8x the median, above 3.0",2026-07-30.2,,,scan-rev2-channel-profiles.csv#psychology,2026-07-30,2026-07-30
UCtcZjqb3O-Z98E8_1wXX-_Q,,Real Crime Psychology,422000,44,16505,49903,3.02,11.4,7309,331667,False,0.04,unknown,,reject,"lottery-shaped: mean is 3.0x the median, above 3.0",2026-07-30.2,,,scan-rev2-channel-profiles.csv#crime,2026-07-30,2026-07-30
UCfz1PX_OTrVCKVgJRkoOYBw,aviationexplainedd,Aviation Explained,3020,21,15097,31353,2.08,9.5,173,169665,False,5.0,unknown,,exemplar,"consistent and reachable: 3,020 subs, median 15,097, 5.0 views per subscriber, skew 2.1",2026-07-30.2,,,scan-rev2-channel-profiles.csv#aviation,2026-07-30,2026-07-30
UC0gHbWz7OyEa-kz429hzx1Q,,Sleeping Philosophy,26800,48,13263,32423,2.44,12.5,2365,157697,False,0.49,unknown,,reject,"0.5 views per subscriber - it is not being served beyond its own audience, which is the only way a new channel grows",2026-07-30.2,,,scan-rev2-channel-profiles.csv#philosophy,2026-07-30,2026-07-30
UCdseO93ajD_kwtVvaZCqQGg,,Greek Mythology Explained,1970,6,12996,11772,0.91,0.0,3049,15886,False,6.6,unknown,,reject,only 6 long-form videos; need 8 to judge,2026-07-30.2,,,scan-rev2-channel-profiles.csv#mythology,2026-07-30,2026-07-30
UCeIbI1DrcHCWSMKV0Bzy9xw,,Aircraft Design Toolbox,20600,38,11960,27190,2.27,5.3,611,244846,False,0.58,unknown,,reject,"0.6 views per subscriber - it is not being served beyond its own audience, which is the only way a new channel grows",2026-07-30.2,,,scan-rev2-channel-profiles.csv#aviation,2026-07-30,2026-07-30
UCdR3Ms08oSCzih6p0FsDRcg,,LIVING MYTHOLOGY,34000,22,11666,12620,1.08,0.0,329,37392,False,0.34,unknown,,reject,"0.3 views per subscriber - it is not being served beyond its own audience, which is the only way a new channel grows",2026-07-30.2,,,scan-rev2-channel-profiles.csv#mythology,2026-07-30,2026-07-30
UCNKyZaaHYoAZVUuDlLOTc8w,,Investing with Harsh & Apoorva,21100,38,10555,18512,1.75,2.6,2865,207508,False,0.5,unknown,,reject,"0.5 views per subscriber - it is not being served beyond its own audience, which is the only way a new channel grows",2026-07-30.2,,,C034-falsifier-profiles.csv#investing,2026-07-30,2026-07-30
UCg0fh5NKq1texA56gCZ6CMQ,,Cars Explained,20300,36,10552,103883,9.85,13.9,486,1608458,False,0.52,unknown,,reject,"lottery-shaped: mean is 9.8x the median, above 3.0",2026-07-30.2,,,scan-rev2-channel-profiles.csv#cars,2026-07-30,2026-07-30
UCO_biEUmMGgKOYvTUfCu4Dw,geoexplainer123,Geography Explainer,1440,8,10515,30598,2.91,12.5,796,165624,False,7.3,unknown,,exemplar,"consistent and reachable: 1,440 subs, median 10,515, 7.3 views per subscriber, skew 2.9",2026-07-30.2,,,scan-rev2-channel-profiles.csv#geography,2026-07-30,2026-07-30
UClY6cYhhnzxDp1r9Nn-xwkg,,Invite English,117000,47,10391,12594,1.21,0.0,962,37529,False,0.09,unknown,,reject,"0.1 views per subscriber - it is not being served beyond its own audience, which is the only way a new channel grows",2026-07-30.2,,,scan-rev2-channel-profiles.csv#language,2026-07-30,2026-07-30
UCG3Eptha6hEISzZT7Azymdw,,J U M O K E   M I  |  Finance Nerd,93900,50,9548,32701,3.43,6.0,1830,426895,False,0.1,unknown,,reject,"lottery-shaped: mean is 3.4x the median, above 3.0",2026-07-30.2,,,C034-falsifier-profiles.csv#finance,2026-07-30,2026-07-30
UCdUGbVqhvhiOpwT4PhOcc3A,,A for Architecture,1360,6,9428,10773,1.14,0.0,2790,22370,False,6.93,unknown,,reject,only 6 long-form videos; need 8 to judge,2026-07-30.2,,,scan-rev2-channel-profiles.csv#architecture,2026-07-30,2026-07-30
UC8tWzyj5hJBCgucb6xb1MUw,,Peaceful English Stories,9110,49,9227,28301,3.07,10.2,241,220177,False,1.01,unknown,,reject,"lottery-shaped: mean is 3.1x the median, above 3.0",2026-07-30.2,,,scan-rev2-channel-profiles.csv#language,2026-07-30,2026-07-30
UCdo0zvyWnZm75_dJ3wxlQow,,MRI Physics EXPLAINED,9250,23,8938,13013,1.46,0.0,439,57884,False,0.97,unknown,,reject,"median 8,938 views is below 10,000 - too small to be a viable model",2026-07-30.2,,,scan-rev2-channel-profiles.csv#physics,2026-07-30,2026-07-30
UCflLXCMNPbeMdhBYU4nf50A,,Deep Explained,6170,22,8775,36740,4.19,13.6,92,358018,False,1.42,unknown,,reject,"lottery-shaped: mean is 4.2x the median, above 3.0",2026-07-30.2,,,scan-rev2-channel-profiles.csv#ocean,2026-07-30,2026-07-30
UC50ZNPApGB9NaMb3LpiNXkw,,Survival Core,2430,40,8108,39100,4.82,5.0,632,821658,False,3.34,unknown,,reject,"lottery-shaped: mean is 4.8x the median, above 3.0",2026-07-30.2,,,scan-rev2-channel-profiles.csv#survival,2026-07-30,2026-07-30
UCvPHTfKAURSzIS0aWXaca2A,,Fun English with Nora,23300,50,8032,13010,1.62,2.0,4728,146052,False,0.34,unknown,,reject,"median 8,032 views is below 10,000 - too small to be a viable model",2026-07-30.2,,,scan-rev2-channel-profiles.csv#language,2026-07-30,2026-07-30
UCYE9kPttIDbjYICr-tYCuOA,,IAI explains complex aviation investigations,8790,34,7998,9272,1.16,0.0,1156,33773,False,0.91,unknown,,reject,"median 7,998 views is below 10,000 - too small to be a viable model",2026-07-30.2,,,scan-rev2-channel-profiles.csv#aviation,2026-07-30,2026-07-30
UCkQA8OxvAOFet9IED4qfnHQ,,Pinoy.PersonalFinance,11500,42,6918,8915,1.29,0.0,3,30950,False,0.6,unknown,,reject,"median 6,918 views is below 10,000 - too small to be a viable model",2026-07-30.2,,,C034-falsifier-profiles.csv#finance,2026-07-30,2026-07-30
UCcIIZSOyBI-vNKk8xBpdyMQ,,Learn English with Parvi,44900,50,6914,13138,1.9,0.0,1005,89055,False,0.15,unknown,,reject,"median 6,914 views is below 10,000 - too small to be a viable model",2026-07-30.2,,,scan-rev2-channel-profiles.csv#language,2026-07-30,2026-07-30
UCbnSEQu6XprT-kUM5nVdOBA,,Spinoza's philosophy,27400,50,6668,13160,1.97,2.0,787,107488,False,0.24,unknown,,reject,"median 6,668 views is below 10,000 - too small to be a viable model",2026-07-30.2,,,scan-rev2-channel-profiles.csv#philosophy,2026-07-30,2026-07-30
UCBsH2Z7t51RGmLQQDPvucwg,,Window English,150000,50,6422,25909,4.03,6.0,3489,343142,False,0.04,unknown,,reject,"lottery-shaped: mean is 4.0x the median, above 3.0",2026-07-30.2,,,scan-rev2-channel-profiles.csv#language,2026-07-30,2026-07-30
UCSltv4Gp7mNJwf9jOWixOZA,,Ella English,56000,50,6110,6597,1.08,0.0,822,13217,False,0.11,unknown,,reject,"median 6,110 views is below 10,000 - too small to be a viable model",2026-07-30.2,,,scan-rev2-channel-profiles.csv#language,2026-07-30,2026-07-30
UC5hxA0oLaqpP9VD7GdP3NWQ,,Science Hidden Files ,1550,14,5324,54706,10.27,7.1,1010,651049,False,3.43,unknown,,reject,"lottery-shaped: mean is 10.3x the median, above 3.0",2026-07-30.2,,,scan-rev2-channel-profiles.csv#ocean,2026-07-30,2026-07-30
UCWTTG3E3FbfwV0Stq_b18fw,,Learn English Through Story,38600,50,5150,6739,1.31,0.0,1266,65138,False,0.13,unknown,,reject,"median 5,150 views is below 10,000 - too small to be a viable model",2026-07-30.2,,,scan-rev2-channel-profiles.csv#language,2026-07-30,2026-07-30
UCqaVo9DiHL1D8wzdtmK2RFg,,FAANG Senior Engineer,13100,27,5097,7223,1.42,0.0,932,40489,False,0.39,unknown,,reject,"median 5,097 views is below 10,000 - too small to be a viable model",2026-07-30.2,,,C034-falsifier-profiles.csv#software,2026-07-30,2026-07-30
UCIDYQyBtblPBFzea98f4l0Q,,Slow English Stories,17400,48,4982,34283,6.88,6.2,762,682405,False,0.29,unknown,,reject,"lottery-shaped: mean is 6.9x the median, above 3.0",2026-07-30.2,,,scan-rev2-channel-profiles.csv#language,2026-07-30,2026-07-30
UCvFcxb2Q_f3RhvHPcuWiSuQ,,Survival Curriculum,50600,50,4928,12673,2.57,4.0,628,197987,False,0.1,unknown,,reject,"median 4,928 views is below 10,000 - too small to be a viable model",2026-07-30.2,,,scan-rev2-channel-profiles.csv#survival,2026-07-30,2026-07-30
UCpDHRjbFsghZOiDtazcjZ7w,,True Crime Footnotes,21000,50,4825,22197,4.6,4.0,270,294266,False,0.23,unknown,,reject,"lottery-shaped: mean is 4.6x the median, above 3.0",2026-07-30.2,,,scan-rev2-channel-profiles.csv#crime,2026-07-30,2026-07-30
UCpq-MrYVThk2L2AHr1TiG2w,,Astha Suryavanshi | Your Biology Teacher,24100,50,4592,22422,4.88,10.0,683,191777,False,0.19,unknown,,reject,"lottery-shaped: mean is 4.9x the median, above 3.0",2026-07-30.2,,,scan-rev2-channel-profiles.csv#biology,2026-07-30,2026-07-30
UC9r9ONCAPcEFKc0DUJJ68jQ,,Official Philosophy ,23200,50,4592,9978,2.17,2.0,1716,122865,False,0.2,unknown,,reject,"median 4,592 views is below 10,000 - too small to be a viable model",2026-07-30.2,,,scan-rev2-channel-profiles.csv#philosophy,2026-07-30,2026-07-30
UCbfBFlMglqjaSIIRzTivB2Q,,Earth Basics,44900,50,4410,9037,2.05,0.0,762,62176,False,0.1,unknown,,reject,"median 4,410 views is below 10,000 - too small to be a viable model",2026-07-30.2,,,scan-rev2-channel-profiles.csv#geography,2026-07-30,2026-07-30
UCFN3F44NUQzkbPn9wgvgsFA,,Slow English Stories,5890,39,3912,33445,8.55,7.7,558,339481,False,0.66,unknown,,reject,"lottery-shaped: mean is 8.6x the median, above 3.0",2026-07-30.2,,,scan-rev2-channel-profiles.csv#language,2026-07-30,2026-07-30
UCg5knEqLrU_XrrGkKj_8EPA,,Tom's Personal Finance,12400,50,3845,9253,2.41,2.0,726,100609,False,0.31,unknown,,reject,"median 3,845 views is below 10,000 - too small to be a viable model",2026-07-30.2,,,C034-falsifier-profiles.csv#finance,2026-07-30,2026-07-30
UCAupfwD1A8jq7egFXeGoOGw,,Simple Psychology Explained,37500,37,3389,63853,18.84,5.4,324,1494547,False,0.09,unknown,,reject,"lottery-shaped: mean is 18.8x the median, above 3.0",2026-07-30.2,,,scan-rev2-channel-profiles.csv#psychology,2026-07-30,2026-07-30
UCXmVj5NqGTsu3k4HNUv3WYQ,,Forensic Investigators,31000,29,3360,16952,5.05,3.4,769,131345,False,0.11,unknown,,reject,"lottery-shaped: mean is 5.0x the median, above 3.0",2026-07-30.2,,,scan-rev2-channel-profiles.csv#crime,2026-07-30,2026-07-30
UCwOkZmZFeiAiaxBPrpqpIpA,,Explain History,2740,50,3337,7663,2.3,0.0,172,76083,False,1.22,unknown,,reject,"median 3,337 views is below 10,000 - too small to be a viable model",2026-07-30.2,,,scan-rev2-channel-profiles.csv#history,2026-07-30,2026-07-30
UCgJf-ENGyKhcv6NKFFyOfcw,,Lucy English,5470,50,3150,3389,1.08,0.0,1830,10454,False,0.58,unknown,,reject,"median 3,150 views is below 10,000 - too small to be a viable model",2026-07-30.2,,,scan-rev2-channel-profiles.csv#language,2026-07-30,2026-07-30
UCAL2XAP9K4z1fV6Z1chfKhA,,True Mythology,9970,27,3002,13869,4.62,3.7,246,260893,False,0.3,unknown,,reject,"lottery-shaped: mean is 4.6x the median, above 3.0",2026-07-30.2,,,scan-rev2-channel-profiles.csv#mythology,2026-07-30,2026-07-30
UC6hRrx1oRREi9FM7zpspi-A,,Machinery Explained,521,20,2994,14124,4.72,5.0,299,164149,False,5.75,unknown,,reject,"lottery-shaped: mean is 4.7x the median, above 3.0",2026-07-30.2,,,scan-rev2-channel-profiles.csv#engineering,2026-07-30,2026-07-30
UCl3zJhrd5phKX640RV2yZNQ,,cacaca | Auto Detail & Car Care,2330,19,2602,21699,8.34,5.3,197,233431,False,1.12,unknown,,reject,"lottery-shaped: mean is 8.3x the median, above 3.0",2026-07-30.2,,,scan-rev2-channel-profiles.csv#cars,2026-07-30,2026-07-30
UCwQ0JL_Ltt9KpUp7OmG1K3A,,Survival Story Zone,1850,14,2586,15540,6.01,7.1,121,170493,False,1.4,unknown,,reject,"lottery-shaped: mean is 6.0x the median, above 3.0",2026-07-30.2,,,scan-rev2-channel-profiles.csv#survival,2026-07-30,2026-07-30
UCqdtXFhkh7FnrkUFtv1UFhQ,,True Crime Breakdown,46300,49,2541,5295,2.08,0.0,881,77378,False,0.05,unknown,,reject,"median 2,541 views is below 10,000 - too small to be a viable model",2026-07-30.2,,,scan-rev2-channel-profiles.csv#crime,2026-07-30,2026-07-30
UCS_V5I7u0rlYwDqhbXAqKZg,,Lemonn,24200,34,2309,4129,1.79,0.0,247,22013,False,0.1,unknown,,reject,"median 2,309 views is below 10,000 - too small to be a viable model",2026-07-30.2,,,C034-falsifier-profiles.csv#investing,2026-07-30,2026-07-30
UCSl58G5qxGSJXNNn1Vw6O-w,,Civilizations Explained,4810,42,2296,20135,8.77,4.8,254,184942,False,0.48,unknown,,reject,"lottery-shaped: mean is 8.8x the median, above 3.0",2026-07-30.2,,,scan-rev2-channel-profiles.csv#history,2026-07-30,2026-07-30
UCMBAd6BB7Q7HZ4rgDoGfhBg,,your other biology professor,4940,45,2258,3941,1.75,0.0,94,22283,False,0.46,unknown,,reject,"median 2,258 views is below 10,000 - too small to be a viable model",2026-07-30.2,,,scan-rev2-channel-profiles.csv#biology,2026-07-30,2026-07-30
UC9m6460HrlW7269a1pnmgOA,,Aviation Explained,6450,30,2248,29010,12.91,6.7,188,252269,False,0.35,unknown,,reject,"lottery-shaped: mean is 12.9x the median, above 3.0",2026-07-30.2,,,scan-rev2-channel-profiles.csv#aviation,2026-07-30,2026-07-30
UCr4QZ-X0WhwrwMc7VUMsg3A,,Architectural Journey,2710,9,2190,10269,4.69,0.0,113,48499,False,0.81,unknown,,reject,"lottery-shaped: mean is 4.7x the median, above 3.0",2026-07-30.2,,,scan-rev2-channel-profiles.csv#architecture,2026-07-30,2026-07-30
UCMmoSxi4-rLVKi-E3qFy9IA,,Passive House School with Anton,2060,21,2019,3602,1.78,0.0,252,18617,False,0.98,unknown,,reject,"median 2,019 views is below 10,000 - too small to be a viable model",2026-07-30.2,,,scan-rev2-channel-profiles.csv#architecture,2026-07-30,2026-07-30
UCQfYuOrl6ETzCr9QJTBqxfw,,Psychology Studio,5070,50,1854,3432,1.85,0.0,194,25891,False,0.37,unknown,,reject,"median 1,854 views is below 10,000 - too small to be a viable model",2026-07-30.2,,,scan-rev2-channel-profiles.csv#psychology,2026-07-30,2026-07-30
UCdqYxe31nwmfDdlnpLsYRiQ,,Personal Finance TV,18300,22,1820,17721,9.74,4.5,279,171540,False,0.1,unknown,,reject,"lottery-shaped: mean is 9.7x the median, above 3.0",2026-07-30.2,,,C034-falsifier-profiles.csv#finance,2026-07-30,2026-07-30
UCtmInCH1cwYMecpzXqgX1lQ,,The Philosophy Guy,4370,20,1733,2171,1.25,0.0,602,8359,False,0.4,unknown,,reject,"median 1,733 views is below 10,000 - too small to be a viable model",2026-07-30.2,,,scan-rev2-channel-profiles.csv#philosophy,2026-07-30,2026-07-30
UCe0m2yBfHIgkj4FJqDYwlTw,,Wildlife Explainers,2390,25,1725,12521,7.26,4.0,60,147582,False,0.72,unknown,,reject,"lottery-shaped: mean is 7.3x the median, above 3.0",2026-07-30.2,,,scan-rev2-channel-profiles.csv#animals,2026-07-30,2026-07-30
UClUHW4GfRf13yxPz5m5g6Rw,,Personal Finance Hub,4050,21,1678,4216,2.51,0.0,66,37824,False,0.41,unknown,,reject,"median 1,678 views is below 10,000 - too small to be a viable model",2026-07-30.2,,,C034-falsifier-profiles.csv#finance,2026-07-30,2026-07-30
UCB1UfsLZvgfk_zHnmzO0kBQ,,Learn English With Confidence,14800,50,1664,4255,2.56,0.0,381,26653,False,0.11,unknown,,reject,"median 1,664 views is below 10,000 - too small to be a viable model",2026-07-30.2,,,scan-rev2-channel-profiles.csv#language,2026-07-30,2026-07-30
UCsp5qFT7WU8FQUwlLSKotWw,,Personal Finance by Chandu,15700,6,1638,2282,1.39,0.0,889,4382,False,0.1,unknown,,reject,only 6 long-form videos; need 8 to judge,2026-07-30.2,,,C034-falsifier-profiles.csv#finance,2026-07-30,2026-07-30
UCAw0kwxmYE70AKocQD9MQgQ,,Mythology Explained Español,2000,41,1607,2295,1.43,0.0,388,8748,False,0.8,unknown,,reject,"median 1,607 views is below 10,000 - too small to be a viable model",2026-07-30.2,,,scan-rev2-channel-profiles.csv#mythology,2026-07-30,2026-07-30
UCGh6eX_ezPYrG2AAFm9oJAg,,5 Minutes Geography,989,16,1592,3205,2.01,0.0,46,11511,False,1.61,unknown,,reject,"median 1,592 views is below 10,000 - too small to be a viable model",2026-07-30.2,,,scan-rev2-channel-profiles.csv#geography,2026-07-30,2026-07-30
UCSmhwbKFMdOf_fwCx31lnDg,,Wildlife Rankings,2640,19,1587,14236,8.97,5.3,175,233269,False,0.6,unknown,,reject,"lottery-shaped: mean is 9.0x the median, above 3.0",2026-07-30.2,,,scan-rev2-channel-profiles.csv#animals,2026-07-30,2026-07-30
UCpAaVBsACXjESbGOYkynjXQ,,Sleepy Philosophy,18000,36,1449,16788,11.59,5.6,150,339978,False,0.08,unknown,,reject,"lottery-shaped: mean is 11.6x the median, above 3.0",2026-07-30.2,,,scan-rev2-channel-profiles.csv#philosophy,2026-07-30,2026-07-30
UCKk_IEA0wbkibod2u7NctCQ,,Software Engineer Meets AI,5470,50,1387,5494,3.96,0.0,68,59715,False,0.25,unknown,,reject,"lottery-shaped: mean is 4.0x the median, above 3.0",2026-07-30.2,,,C034-falsifier-profiles.csv#software,2026-07-30,2026-07-30
UCwZWEG25zAEPRgKpvwIjT3A,,New Stories Book English,697000,25,1342,1775,1.32,0.0,184,8416,False,0.0,unknown,,reject,"median 1,342 views is below 10,000 - too small to be a viable model",2026-07-30.2,,,scan-rev2-channel-profiles.csv#language,2026-07-30,2026-07-30
UCKK7d5tdhiUy3Zmloiua8oQ,,FINE ART EXPLAINED,994,18,1312,6408,4.88,0.0,140,57231,False,1.32,unknown,,reject,"lottery-shaped: mean is 4.9x the median, above 3.0",2026-07-30.2,,,C034-falsifier-profiles.csv#art_history2,2026-07-30,2026-07-30
UCZa1Ct__mUvYwSI-0-2bbgA,,Kaal Philosophy,6640,34,1278,13188,10.32,2.9,78,308351,False,0.19,unknown,,reject,"lottery-shaped: mean is 10.3x the median, above 3.0",2026-07-30.2,,,scan-rev2-channel-profiles.csv#philosophy,2026-07-30,2026-07-30
UCyF0e1sOAyObmStar_77LUQ,,Two Dudes Philosophy,3200,35,1260,4105,3.26,0.0,324,68040,False,0.39,unknown,,reject,"lottery-shaped: mean is 3.3x the median, above 3.0",2026-07-30.2,,,scan-rev2-channel-profiles.csv#philosophy,2026-07-30,2026-07-30
UCPQtKHB2zTv0BSNfBIwbq_g,,Decoding Biology Kannada ,1410,49,1128,1257,1.11,0.0,138,3586,False,0.8,unknown,,reject,"median 1,128 views is below 10,000 - too small to be a viable model",2026-07-30.2,,,scan-rev2-channel-profiles.csv#biology,2026-07-30,2026-07-30
UC727sR5ULVpTQRKB1InmLFA,,Learn English with Jack and Mia’s Family ,575,20,1106,1661,1.5,0.0,169,7767,False,1.92,unknown,,reject,"median 1,106 views is below 10,000 - too small to be a viable model",2026-07-30.2,,,scan-rev2-channel-profiles.csv#language,2026-07-30,2026-07-30
UCfHTVhEoQcc8-DqSvTVrxDg,,Art Explained | العربية,18300,8,1104,2447,2.22,0.0,170,7594,False,0.06,unknown,,reject,"median 1,104 views is below 10,000 - too small to be a viable model",2026-07-30.2,,,scan-rev2-channel-profiles.csv#art,2026-07-30,2026-07-30
UCZzQdpvLbJqxUOTvUwOma4Q,,Cook the Science,1260,12,1074,1752,1.63,0.0,410,4070,False,0.85,unknown,,reject,"median 1,074 views is below 10,000 - too small to be a viable model",2026-07-30.2,,,scan-rev2-channel-profiles.csv#food_science,2026-07-30,2026-07-30
UCDmJ0q0ggEZcOh5-3XUVYqQ,,Andy Explains Money,19300,50,1064,4885,4.59,2.0,72,122452,False,0.06,unknown,,reject,"lottery-shaped: mean is 4.6x the median, above 3.0",2026-07-30.2,,,scan-rev2-channel-profiles.csv#economics,2026-07-30,2026-07-30
UC0y2ykqi0xgKlL6NZTQO6Xg,,Finance In Sticks,19000,49,979,15258,15.58,4.1,68,470938,False,0.05,unknown,,reject,"lottery-shaped: mean is 15.6x the median, above 3.0",2026-07-30.2,,,C034-falsifier-profiles.csv#finance,2026-07-30,2026-07-30
UChLo1u_EQKQDUKxkW2G3UOg,,Psychology Wellness,5730,49,953,9721,10.2,0.0,79,92759,False,0.17,unknown,,reject,"lottery-shaped: mean is 10.2x the median, above 3.0",2026-07-30.2,,,scan-rev2-channel-profiles.csv#psychology,2026-07-30,2026-07-30
UC5NBerHf6xPrkKbaSe0Carg,,Aakash Animates,7170,50,953,1628,1.71,0.0,432,12399,False,0.13,unknown,,reject,"median 953 views is below 10,000 - too small to be a viable model",2026-07-30.2,,,scan-rev2-channel-profiles.csv#language,2026-07-30,2026-07-30
UC2sAny8hk9VtLrE4ylZbGjQ,,Sketchy Survival,40900,50,923,1609,1.74,0.0,229,15865,False,0.02,unknown,,reject,"median 923 views is below 10,000 - too small to be a viable model",2026-07-30.2,,,scan-rev2-channel-profiles.csv#survival,2026-07-30,2026-07-30
UCBFeGyW1RMD3SMPHlas7Ihw,,Masterclass Of Philosophy ,8540,29,890,18541,20.83,6.9,150,242642,False,0.1,unknown,,reject,"lottery-shaped: mean is 20.8x the median, above 3.0",2026-07-30.2,,,scan-rev2-channel-profiles.csv#philosophy,2026-07-30,2026-07-30
UCEdZp7GYGf_tFOGxtEWY_NA,,Biology Explained,1670,11,864,1792,2.07,0.0,213,8646,False,0.52,unknown,,reject,"median 864 views is below 10,000 - too small to be a viable model",2026-07-30.2,,,scan-rev2-channel-profiles.csv#biology,2026-07-30,2026-07-30
UCQa-A_r-q5aeE8AV59xRYdA,,cartoon education,4260,42,855,970,1.13,0.0,11,2995,False,0.2,unknown,,reject,"median 855 views is below 10,000 - too small to be a viable model",2026-07-30.2,,,scan-rev2-channel-profiles.csv#kids_learning,2026-07-30,2026-07-30
UCzHIoLdss_1M_Iw6OxRKKEg,,geography,3410,26,784,30934,39.43,11.5,0,327988,False,0.23,unknown,,reject,"lottery-shaped: mean is 39.4x the median, above 3.0",2026-07-30.2,,,scan-rev2-channel-profiles.csv#geography,2026-07-30,2026-07-30
UC2b7L2a2ATLVzuKfAHlg-Fw,,Primitive Mythology,590,20,742,3610,4.87,0.0,36,40303,False,1.26,unknown,,reject,"lottery-shaped: mean is 4.9x the median, above 3.0",2026-07-30.2,,,scan-rev2-channel-profiles.csv#mythology,2026-07-30,2026-07-30
UCX_lWqW9P7-p46DUri3tX9w,,Aviation Analysis,851,34,738,1236,1.67,0.0,171,5633,False,0.87,unknown,,reject,"median 738 views is below 10,000 - too small to be a viable model",2026-07-30.2,,,scan-rev2-channel-profiles.csv#aviation,2026-07-30,2026-07-30
UCUZ5sa4DGyK4K0B9XnByR4Q,,Technology Explained,861,17,723,1427,1.97,0.0,28,6195,False,0.84,unknown,,reject,"median 723 views is below 10,000 - too small to be a viable model",2026-07-30.2,,,C034-falsifier-profiles.csv#tech2,2026-07-30,2026-07-30
UCWldwrYbWFAeBRoLjyM56Jw,,Commercial Aviation Training,2180,50,720,907,1.26,0.0,145,3077,False,0.33,unknown,,reject,"median 720 views is below 10,000 - too small to be a viable model",2026-07-30.2,,,scan-rev2-channel-profiles.csv#aviation,2026-07-30,2026-07-30
UChwlTlzBGmcS7qply4SM3aw,,Chronicles & Chills,11900,16,617,1050,1.7,0.0,31,5089,False,0.05,unknown,,reject,"median 617 views is below 10,000 - too small to be a viable model",2026-07-30.2,,,C034-falsifier-profiles.csv#art_bio,2026-07-30,2026-07-30
UCKiLRmYQNPFvXLOWLA2r86Q,,JAZZY ENGLISH STORIES,2950,50,608,1777,2.92,0.0,20,20061,False,0.21,unknown,,reject,"median 608 views is below 10,000 - too small to be a viable model",2026-07-30.2,,,scan-rev2-channel-profiles.csv#language,2026-07-30,2026-07-30
UCX1CEiUmwtGyp9jb1kJ2bKA,,Psychology with Ben,13300,23,586,57612,98.31,8.7,190,1090816,False,0.04,unknown,,reject,"lottery-shaped: mean is 98.3x the median, above 3.0",2026-07-30.2,,,scan-rev2-channel-profiles.csv#psychology,2026-07-30,2026-07-30
UCb_Icg66MxJptyUBxPkjTgQ,,Architecture Knowledge Centre,636,10,580,741,1.28,0.0,369,1487,False,0.91,unknown,,reject,"median 580 views is below 10,000 - too small to be a viable model",2026-07-30.2,,,scan-rev2-channel-profiles.csv#architecture,2026-07-30,2026-07-30
UCrPj6DG-0dBqmrLl43A3A5w,,US Truecrime Forensics,583,11,557,3521,6.32,0.0,89,17307,False,0.96,unknown,,reject,"lottery-shaped: mean is 6.3x the median, above 3.0",2026-07-30.2,,,scan-rev2-channel-profiles.csv#crime,2026-07-30,2026-07-30
UC1rlP2lXvygmmL1WHwUSorg,,Cats Explain History,636,24,529,608,1.15,0.0,33,2663,False,0.83,unknown,,reject,"median 529 views is below 10,000 - too small to be a viable model",2026-07-30.2,,,scan-rev2-channel-profiles.csv#history,2026-07-30,2026-07-30
UCZafACCwrNWI1r4yDjIlnow,,The Space Explained,775,15,505,6495,12.86,0.0,74,49209,False,0.65,unknown,,reject,"lottery-shaped: mean is 12.9x the median, above 3.0",2026-07-30.2,,,scan-rev2-channel-profiles.csv#space,2026-07-30,2026-07-30
UC-JEEiUHe9QRRtGYVek1kAA,,Code Wrap,3910,17,493,7350,14.91,0.0,83,73078,False,0.13,unknown,,reject,"lottery-shaped: mean is 14.9x the median, above 3.0",2026-07-30.2,,,C034-falsifier-profiles.csv#software,2026-07-30,2026-07-30
UChm-MJUalg8kviSd7RV9QQw,,Global Economics Explained,5980,49,491,841,1.71,0.0,17,4250,False,0.08,unknown,,reject,"median 491 views is below 10,000 - too small to be a viable model",2026-07-30.2,,,C034-falsifier-profiles.csv#economics2,2026-07-30,2026-07-30
UC8O_h8rLqZXO5kiH1SC26oQ,,Philosophy simplified,6270,42,475,1877,3.95,0.0,108,26185,False,0.08,unknown,,reject,"lottery-shaped: mean is 4.0x the median, above 3.0",2026-07-30.2,,,scan-rev2-channel-profiles.csv#philosophy,2026-07-30,2026-07-30
UCUh5m4D_bSOqw7cJF8EQ8Dw,,Finance Simply Explained,18400,44,458,795,1.74,0.0,79,9001,False,0.02,unknown,,reject,"median 458 views is below 10,000 - too small to be a viable model",2026-07-30.2,,,scan-rev2-channel-profiles.csv#economics,2026-07-30,2026-07-30
UCwERgK4pAZyc09YL80-r3KQ,,Queer History Explained,2190,25,445,6587,14.8,0.0,64,72206,False,0.2,unknown,,reject,"lottery-shaped: mean is 14.8x the median, above 3.0",2026-07-30.2,,,scan-rev2-channel-profiles.csv#history,2026-07-30,2026-07-30
UC_TjLwoo-W59neuIY0b5z0A,,Philosophy In Hindi ,50400,50,429,5984,13.95,4.0,83,130754,False,0.01,unknown,,reject,"lottery-shaped: mean is 13.9x the median, above 3.0",2026-07-30.2,,,scan-rev2-channel-profiles.csv#philosophy,2026-07-30,2026-07-30
UCnsb0lHGbqbyVAOFtn10auA,,Simply Economics,1690,50,412,791,1.92,0.0,9,6912,False,0.24,unknown,,reject,"median 412 views is below 10,000 - too small to be a viable model",2026-07-30.2,,,C034-falsifier-profiles.csv#economics2,2026-07-30,2026-07-30
UC_jLqERqlULluiHG7KLjtSw,,Mathematics With Sam,2790,39,367,918,2.5,0.0,51,19260,False,0.13,unknown,,reject,"median 367 views is below 10,000 - too small to be a viable model",2026-07-30.2,,,scan-rev2-channel-profiles.csv#math,2026-07-30,2026-07-30
UCL6ipVBa8mVsKHBYXbyn0HQ,,Psychology Explained ,13000,29,364,26832,73.71,3.4,39,763553,False,0.03,unknown,,reject,"lottery-shaped: mean is 73.7x the median, above 3.0",2026-07-30.2,,,scan-rev2-channel-profiles.csv#psychology,2026-07-30,2026-07-30
UCTMJQHW5TKZp8HIV-IzwfEA,,Psychology Simply Decoded,15200,50,354,17388,49.12,2.0,13,743323,False,0.02,unknown,,reject,"lottery-shaped: mean is 49.1x the median, above 3.0",2026-07-30.2,,,scan-rev2-channel-profiles.csv#psychology,2026-07-30,2026-07-30
UCM1gEmQyz2RaQ4BvYg-gZWg,,the Psychology Guy,11900,50,352,2076,5.91,0.0,65,58912,False,0.03,unknown,,reject,"lottery-shaped: mean is 5.9x the median, above 3.0",2026-07-30.2,,,scan-rev2-channel-profiles.csv#psychology,2026-07-30,2026-07-30
UCibbF4gv0nIjWTf3s54u0wQ,,Software Engineering & AI,673,50,347,1221,3.52,0.0,46,6624,False,0.52,unknown,,reject,"lottery-shaped: mean is 3.5x the median, above 3.0",2026-07-30.2,,,C034-falsifier-profiles.csv#software,2026-07-30,2026-07-30
UC_WuuzwdyC82Z81wghc9l-g,,Art Frames of History,1320,6,338,400,1.18,0.0,93,909,False,0.26,unknown,,reject,only 6 long-form videos; need 8 to judge,2026-07-30.2,,,C034-falsifier-profiles.csv#art_history2,2026-07-30,2026-07-30
UCqySL8y1tfMP0dw4SMt_y2Q,,Universe Explained ,28900,28,336,425,1.26,0.0,145,2470,False,0.01,unknown,,reject,"median 336 views is below 10,000 - too small to be a viable model",2026-07-30.2,,,scan-rev2-channel-profiles.csv#space,2026-07-30,2026-07-30
UCdCPeOS_ars3sks6YrGTWjg,,Geography Facts,1790,28,307,2284,7.44,0.0,26,31605,False,0.17,unknown,,reject,"lottery-shaped: mean is 7.4x the median, above 3.0",2026-07-30.2,,,scan-rev2-channel-profiles.csv#geography,2026-07-30,2026-07-30
UChi_mNETEMNUkTVZtPDl3Bw,,Business Explained,3230,9,281,455,1.62,0.0,75,1750,False,0.09,unknown,,reject,"median 281 views is below 10,000 - too small to be a viable model",2026-07-30.2,,,C034-falsifier-profiles.csv#business,2026-07-30,2026-07-30
UCadQMnixagbb9u3-n3GZogQ,,English Moral Stories,1440,40,262,341,1.3,0.0,82,1174,False,0.18,unknown,,reject,"median 262 views is below 10,000 - too small to be a viable model",2026-07-30.2,,,scan-rev2-channel-profiles.csv#language,2026-07-30,2026-07-30
UCVE-OXkZPYuSXT86SlaF0Pw,,Lives in Time,601,21,251,1457,5.8,0.0,24,6788,False,0.42,unknown,,reject,"lottery-shaped: mean is 5.8x the median, above 3.0",2026-07-30.2,,,C034-falsifier-profiles.csv#art_bio,2026-07-30,2026-07-30
UCHUsr-38lxKtvgQZn2NGoOw,,Psychology explain mode,6590,50,244,541,2.21,0.0,20,3063,False,0.04,unknown,,reject,"median 244 views is below 10,000 - too small to be a viable model",2026-07-30.2,,,scan-rev2-channel-profiles.csv#psychology,2026-07-30,2026-07-30
UCtGTGyRvQegxnvebw9lmTkg,,Kiddoo English Learning,581,40,236,2883,12.22,0.0,22,25276,False,0.41,unknown,,reject,"lottery-shaped: mean is 12.2x the median, above 3.0",2026-07-30.2,,,scan-rev2-channel-profiles.csv#language,2026-07-30,2026-07-30
UClrcrOh8mo9ZigNW_EiEjqQ,,History Explained Better,1690,21,223,1002,4.49,0.0,1,7722,False,0.13,unknown,,reject,"lottery-shaped: mean is 4.5x the median, above 3.0",2026-07-30.2,,,scan-rev2-channel-profiles.csv#history,2026-07-30,2026-07-30
UC_v69VbzRvzimBLhLcGXkuQ,,5 Minutes Aviation,1740,22,222,517,2.32,0.0,9,3541,False,0.13,unknown,,reject,"median 222 views is below 10,000 - too small to be a viable model",2026-07-30.2,,,scan-rev2-channel-profiles.csv#aviation,2026-07-30,2026-07-30
UCxaIIG4oLfXjGRYyv-ZYFBg,,History Explained,1460,23,221,3001,13.58,0.0,88,56324,False,0.15,unknown,,reject,"lottery-shaped: mean is 13.6x the median, above 3.0",2026-07-30.2,,,scan-rev2-channel-profiles.csv#history,2026-07-30,2026-07-30
UCzMZdLC7fAO9L2tK_OMXxrw,,Physics Insights,512,27,221,530,2.4,0.0,65,5407,False,0.43,unknown,,reject,"median 221 views is below 10,000 - too small to be a viable model",2026-07-30.2,,,scan-rev2-channel-profiles.csv#physics,2026-07-30,2026-07-30
UCOQ9yWHYxOS_PtFM3Pd9uCQ,,Kids Cartoon Education,12900,22,220,387,1.76,0.0,12,3190,False,0.02,unknown,,reject,"median 220 views is below 10,000 - too small to be a viable model",2026-07-30.2,,,scan-rev2-channel-profiles.csv#kids_learning,2026-07-30,2026-07-30
UCFlZfYG73CSe-pBWEA0_Giw,,Biology with Prof. Masood ,2150,47,210,429,2.04,0.0,45,1952,False,0.1,unknown,,reject,"median 210 views is below 10,000 - too small to be a viable model",2026-07-30.2,,,scan-rev2-channel-profiles.csv#biology,2026-07-30,2026-07-30
UCteLiXs6P5fOUe_OqT1VO-w,,First Information True Crime,1030,8,210,6129,29.18,0.0,58,47632,False,0.2,unknown,,reject,"lottery-shaped: mean is 29.2x the median, above 3.0",2026-07-30.2,,,scan-rev2-channel-profiles.csv#crime,2026-07-30,2026-07-30
UCmgtqj-p_IY9NHvINTLaSng,,Pet And Wildlife Wonders,8160,12,208,1070,5.14,0.0,71,9461,False,0.03,unknown,,reject,"lottery-shaped: mean is 5.1x the median, above 3.0",2026-07-30.2,,,scan-rev2-channel-profiles.csv#animals,2026-07-30,2026-07-30
UCyCGRqCNcwOVYbL27lA82PA,,Personal Finance With Hawa,523,36,200,354,1.77,0.0,51,3108,False,0.38,unknown,,reject,"median 200 views is below 10,000 - too small to be a viable model",2026-07-30.2,,,C034-falsifier-profiles.csv#finance,2026-07-30,2026-07-30
UCqGXvpYkG1PbTXhzqvFFVaA,,Personal Finance & Coffee,3860,21,191,865,4.53,0.0,53,8914,False,0.05,unknown,,reject,"lottery-shaped: mean is 4.5x the median, above 3.0",2026-07-30.2,,,C034-falsifier-profiles.csv#finance,2026-07-30,2026-07-30
UCObSHXEw16npAvLTvX4-HLw,,Philosophy with Kanwal Sir,1030,22,190,244,1.29,0.0,61,762,False,0.18,unknown,,reject,"median 190 views is below 10,000 - too small to be a viable model",2026-07-30.2,,,scan-rev2-channel-profiles.csv#philosophy,2026-07-30,2026-07-30
UC3h7MXNX-lS3dTR70mAnpEw,,Aviation Factz,1960,25,185,477,2.58,0.0,25,2553,False,0.09,unknown,,reject,"median 185 views is below 10,000 - too small to be a viable model",2026-07-30.2,,,scan-rev2-channel-profiles.csv#aviation,2026-07-30,2026-07-30
UCMCIeVFsT8TIwLcyBc_Vv4w,,Aviation Minutes,1730,10,180,538,3.0,0.0,70,3801,False,0.1,unknown,,reject,"median 180 views is below 10,000 - too small to be a viable model",2026-07-30.2,,,scan-rev2-channel-profiles.csv#aviation,2026-07-30,2026-07-30
UCC05kqMzbQUqpAf_kqeOx0A,,Software Engineering,1210,49,171,216,1.27,0.0,47,769,False,0.14,unknown,,reject,"median 171 views is below 10,000 - too small to be a viable model",2026-07-30.2,,,C034-falsifier-profiles.csv#software,2026-07-30,2026-07-30
UCNJbEMAcPPizYyrfnVYA9MQ,,Psychology Decoded,5570,16,150,189,1.27,0.0,65,388,False,0.03,unknown,,reject,"median 150 views is below 10,000 - too small to be a viable model",2026-07-30.2,,,scan-rev2-channel-profiles.csv#psychology,2026-07-30,2026-07-30
UCQAke67ddxifaOiX-rwjiNw,,Mythology Matters,24000,34,131,1513,11.55,0.0,52,39512,False,0.01,unknown,,reject,"lottery-shaped: mean is 11.6x the median, above 3.0",2026-07-30.2,,,scan-rev2-channel-profiles.csv#mythology,2026-07-30,2026-07-30
UCqOCeFiWn9eB_V8WLxxm8hg,,World History Explained,785,8,112,151,1.35,0.0,33,397,False,0.14,unknown,,reject,"median 112 views is below 10,000 - too small to be a viable model",2026-07-30.2,,,scan-rev2-channel-profiles.csv#history,2026-07-30,2026-07-30
UCf8b3rQ3whg50AyebKUDMzg,,Architecture & Planning Exams Preparation ADDA,834,21,108,132,1.23,0.0,20,580,False,0.13,unknown,,reject,"median 108 views is below 10,000 - too small to be a viable model",2026-07-30.2,,,scan-rev2-channel-profiles.csv#architecture,2026-07-30,2026-07-30
UCdFCoHlgo0eepE50BiWA7DA,,Aviation Briefing,11600,8,106,526,4.98,0.0,44,3469,False,0.01,unknown,,reject,"lottery-shaped: mean is 5.0x the median, above 3.0",2026-07-30.2,,,scan-rev2-channel-profiles.csv#aviation,2026-07-30,2026-07-30
UChPErknCSh-qsp9aO5Dqh4w,,Check yourself. Physics.Mathematics,1150,36,102,1170,11.42,0.0,5,32774,False,0.09,unknown,,reject,"lottery-shaped: mean is 11.4x the median, above 3.0",2026-07-30.2,,,scan-rev2-channel-profiles.csv#math,2026-07-30,2026-07-30
UCM1FTOrcNeroqccveNmiKkg,,Deep Space Explained,641,21,96,238,2.48,0.0,9,1917,False,0.15,unknown,,reject,"median 96 views is below 10,000 - too small to be a viable model",2026-07-30.2,,,scan-rev2-channel-profiles.csv#space,2026-07-30,2026-07-30
UCuxBWHmGEdmGX1utApN19ug,,Paintings Explained ,1560,5,88,73,0.83,0.0,43,96,False,0.06,unknown,,reject,only 5 long-form videos; need 8 to judge,2026-07-30.2,,,C034-falsifier-profiles.csv#art_history2,2026-07-30,2026-07-30
UCUSxTCklIRJJhQGtKiDwJrQ,,Mathematics Analysis Class 10,2660,47,86,122,1.42,0.0,34,532,False,0.03,unknown,,reject,"median 86 views is below 10,000 - too small to be a viable model",2026-07-30.2,,,scan-rev2-channel-profiles.csv#math,2026-07-30,2026-07-30
UCn7WBZICOj7GnvC4xjTB-PQ,,Lumos Explained,6270,8,64,77,1.2,0.0,6,230,False,0.01,unknown,,reject,"median 64 views is below 10,000 - too small to be a viable model",2026-07-30.2,,,scan-rev2-channel-profiles.csv#ocean,2026-07-30,2026-07-30
UC0JxOjts4FNAwNG67Yatz8g,,Great Artists Explained by Anabel,1390,50,64,117,1.81,0.0,13,679,False,0.05,unknown,,reject,"median 64 views is below 10,000 - too small to be a viable model",2026-07-30.2,,,C034-falsifier-profiles.csv#art_history2,2026-07-30,2026-07-30
UCAy_pLMYlUqIAF233riJ9tQ,,Think Tech Explained,1050,12,53,206,3.88,0.0,15,1840,False,0.05,unknown,,reject,"lottery-shaped: mean is 3.9x the median, above 3.0",2026-07-30.2,,,scan-rev2-channel-profiles.csv#technology,2026-07-30,2026-07-30
UCbnWJmrhmAS3unAPHT3qAPw,,Crime & Justice Files,2590,50,49,68,1.39,0.0,8,411,False,0.02,unknown,,reject,"median 49 views is below 10,000 - too small to be a viable model",2026-07-30.2,,,scan-rev2-channel-profiles.csv#crime,2026-07-30,2026-07-30
UCD0vqYYrwvVRO38f-POIs_g,,Easy Aviation,2110,8,46,68,1.47,0.0,9,215,False,0.02,unknown,,reject,"median 46 views is below 10,000 - too small to be a viable model",2026-07-30.2,,,scan-rev2-channel-profiles.csv#aviation,2026-07-30,2026-07-30
UCovNustduOop9mSFB8stY7g,,Lectures Of Physics,3060,29,43,46,1.08,0.0,11,123,False,0.01,unknown,,reject,"median 43 views is below 10,000 - too small to be a viable model",2026-07-30.2,,,scan-rev2-channel-profiles.csv#physics,2026-07-30,2026-07-30
UC6sAJVtZT93ttwQqgIUv_Gw,,Business Communication - Explained in தமிழ்,570,27,37,422,11.42,0.0,12,7485,False,0.06,unknown,,reject,"lottery-shaped: mean is 11.4x the median, above 3.0",2026-07-30.2,,,C034-falsifier-profiles.csv#business,2026-07-30,2026-07-30
