id,call
V01,ATTACHES
V02,NOCAPS
V03,NOCAPS
V04,NOCAPS
V05,ABSTRACTS
V06,ATTACHES
V07,ABSTRACTS
V08,NOCAPS
V09,ATTACHES
V10,ATTACHES
V11,NOCAPS
V12,ATTACHES
V13,ATTACHES
V14,NOCAPS
V15,ABSTRACTS
V16,NOCAPS
V17,ATTACHES
V18,ATTACHES
V19,ATTACHES
V20,NOCAPS
V21,ATTACHES
V22,ATTACHES
V23,NOCAPS
V24,ATTACHES
V25,NOCAPS
V26,ATTACHES
V27,ATTACHES
V28,ABSTRACTS
V29,ATTACHES
V30,NOCAPS
V31,ATTACHES
V32,NOCAPS
V33,NOCAPS
V34,ATTACHES
V35,ATTACHES
V36,NOCAPS
V37,ABSTRACTS
V38,ABSTRACTS
V39,ATTACHES
V40,NOCAPS
V41,ABSTRACTS
V42,ATTACHES
V43,NOCAPS
V44,NOCAPS
V45,ATTACHES
V46,ABSTRACTS
V47,ABSTRACTS
V48,ABSTRACTS
