niche,channel_id,title,subs,n_long,median,mean,skew,hits,hit_rate,min,max,spread,newest_days,oldest_days,uploads_playlist
space,UCqySL8y1tfMP0dw4SMt_y2Q,Universe Explained ,28900,28,336,425,1.26,0,0.0,145,2470,17.0,8,42,UUqySL8y1tfMP0dw4SMt_y2Q
space,UCZafACCwrNWI1r4yDjIlnow,The Space Explained,775,15,505,6495,12.86,0,0.0,74,49209,665.0,5,78,UUZafACCwrNWI1r4yDjIlnow
space,UCNZegH5HQPx_chNsPqJw1Rw,Sleepy Science Channel,319000,50,21539,29915,1.39,1,2.0,6250,141741,22.7,1,77,UUNZegH5HQPx_chNsPqJw1Rw
space,UCM1FTOrcNeroqccveNmiKkg,Deep Space Explained,641,21,96,238,2.48,0,0.0,9,1917,213.0,148,197,UUM1FTOrcNeroqccveNmiKkg
psychology,UCQfYuOrl6ETzCr9QJTBqxfw,Psychology Studio,5070,50,1854,3432,1.85,0,0.0,194,25891,133.5,0,85,UUQfYuOrl6ETzCr9QJTBqxfw
psychology,UCL6ipVBa8mVsKHBYXbyn0HQ,Psychology Explained ,13000,29,364,26832,73.71,1,3.4,39,763553,19578.3,0,103,UUL6ipVBa8mVsKHBYXbyn0HQ
psychology,UCNJbEMAcPPizYyrfnVYA9MQ,Psychology Decoded,5570,16,150,189,1.27,0,0.0,65,388,6.0,31,135,UUNJbEMAcPPizYyrfnVYA9MQ
psychology,UChLo1u_EQKQDUKxkW2G3UOg,Psychology Wellness,5730,49,953,9721,10.2,0,0.0,79,92759,1174.2,15,107,UUhLo1u_EQKQDUKxkW2G3UOg
psychology,UCX1CEiUmwtGyp9jb1kJ2bKA,Psychology with Ben,13300,23,586,57612,98.31,2,8.7,190,1090816,5741.1,3,199,UUX1CEiUmwtGyp9jb1kJ2bKA
psychology,UCM1gEmQyz2RaQ4BvYg-gZWg,the Psychology Guy,11900,50,352,2076,5.91,0,0.0,65,58912,906.3,1,206,UUM1gEmQyz2RaQ4BvYg-gZWg
psychology,UCTMJQHW5TKZp8HIV-IzwfEA,Psychology Simply Decoded,15200,50,354,17388,49.12,1,2.0,13,743323,57178.7,1,143,UUTMJQHW5TKZp8HIV-IzwfEA
psychology,UCAupfwD1A8jq7egFXeGoOGw,Simple Psychology Explained,37500,37,3389,63853,18.84,2,5.4,324,1494547,4612.8,43,171,UUAupfwD1A8jq7egFXeGoOGw
psychology,UCHUsr-38lxKtvgQZn2NGoOw,Psychology explain mode,6590,50,244,541,2.21,0,0.0,20,3063,153.2,6,285,UUHUsr-38lxKtvgQZn2NGoOw
psychology,UCHacVMLp7bHDC7e4eoPi9Dw,Psychology Simplified,274000,50,16873,64497,3.82,5,10.0,926,1050306,1134.2,0,146,UUHacVMLp7bHDC7e4eoPi9Dw
history,UC1rlP2lXvygmmL1WHwUSorg,Cats Explain History,636,24,529,608,1.15,0,0.0,33,2663,80.7,0,86,UU1rlP2lXvygmmL1WHwUSorg
history,UCqOCeFiWn9eB_V8WLxxm8hg,World History Explained,785,8,112,151,1.35,0,0.0,33,397,12.0,585,651,UUqOCeFiWn9eB_V8WLxxm8hg
history,UCdsNdRqJYgnwrJ_X9xPayFQ,143 Explained,76600,47,76585,241190,3.15,22,46.8,752,2952021,3925.6,73,305,UUdsNdRqJYgnwrJ_X9xPayFQ
history,UCwOkZmZFeiAiaxBPrpqpIpA,Explain History,2740,50,3337,7663,2.3,0,0.0,172,76083,442.3,2,75,UUwOkZmZFeiAiaxBPrpqpIpA
history,UCxaIIG4oLfXjGRYyv-ZYFBg,History Explained,1460,23,221,3001,13.58,0,0.0,88,56324,640.0,797,1105,UUxaIIG4oLfXjGRYyv-ZYFBg
history,UCwERgK4pAZyc09YL80-r3KQ,Queer History Explained,2190,25,445,6587,14.8,0,0.0,64,72206,1128.2,1,102,UUwERgK4pAZyc09YL80-r3KQ
history,UClrcrOh8mo9ZigNW_EiEjqQ,History Explained Better,1690,21,223,1002,4.49,0,0.0,1,7722,7722.0,0,53,UUlrcrOh8mo9ZigNW_EiEjqQ
history,UC1I3jchpTW8mvQkzV-fmFoQ,Art History Explained,16700,8,112326,109977,0.98,5,62.5,3699,216696,58.6,39,280,UU1I3jchpTW8mvQkzV-fmFoQ
history,UCSl58G5qxGSJXNNn1Vw6O-w,Civilizations Explained,4810,42,2296,20135,8.77,2,4.8,254,184942,728.1,3,162,UUSl58G5qxGSJXNNn1Vw6O-w
biology,UCFlZfYG73CSe-pBWEA0_Giw,Biology with Prof. Masood ,2150,47,210,429,2.04,0,0.0,45,1952,43.4,60,443,UUFlZfYG73CSe-pBWEA0_Giw
biology,UCMBAd6BB7Q7HZ4rgDoGfhBg,your other biology professor,4940,45,2258,3941,1.75,0,0.0,94,22283,237.1,51,987,UUMBAd6BB7Q7HZ4rgDoGfhBg
biology,UCEdZp7GYGf_tFOGxtEWY_NA,Biology Explained,1670,11,864,1792,2.07,0,0.0,213,8646,40.6,278,1209,UUEdZp7GYGf_tFOGxtEWY_NA
biology,UCpq-MrYVThk2L2AHr1TiG2w,Astha Suryavanshi | Your Biology Teacher,24100,50,4592,22422,4.88,5,10.0,683,191777,280.8,2,88,UUpq-MrYVThk2L2AHr1TiG2w
biology,UCPQtKHB2zTv0BSNfBIwbq_g,Decoding Biology Kannada ,1410,49,1128,1257,1.11,0,0.0,138,3586,26.0,123,548,UUPQtKHB2zTv0BSNfBIwbq_g
technology,UCBhAW9FzB_qhzxbkcqXqLPQ,Tech Explained,13200,14,38824,61359,1.58,3,21.4,2453,216377,88.2,87,358,UUBhAW9FzB_qhzxbkcqXqLPQ
technology,UCUZ5sa4DGyK4K0B9XnByR4Q,Technology Explained,861,17,723,1427,1.97,0,0.0,28,6195,221.2,1155,1222,UUUZ5sa4DGyK4K0B9XnByR4Q
technology,UCmtxllbImmKucwetmr1DTEw,Tech Explainer Guy,10200,27,24663,62842,2.55,6,22.2,46,293861,6388.3,0,165,UUmtxllbImmKucwetmr1DTEw
technology,UCAy_pLMYlUqIAF233riJ9tQ,Think Tech Explained,1050,12,53,206,3.88,0,0.0,15,1840,122.7,22,820,UUAy_pLMYlUqIAF233riJ9tQ
economics,UCxH2HgyINJnROn6TgrTzJkw,How Money Works Uncut,113000,48,168484,250769,1.49,33,68.8,28609,2501791,87.4,36,697,UUxH2HgyINJnROn6TgrTzJkw
economics,UCDmJ0q0ggEZcOh5-3XUVYqQ,Andy Explains Money,19300,50,1064,4885,4.59,1,2.0,72,122452,1700.7,0,49,UUDmJ0q0ggEZcOh5-3XUVYqQ
economics,UCUh5m4D_bSOqw7cJF8EQ8Dw,Finance Simply Explained,18400,44,458,795,1.74,0,0.0,79,9001,113.9,4,292,UUUh5m4D_bSOqw7cJF8EQ8Dw
mythology,UCdR3Ms08oSCzih6p0FsDRcg,LIVING MYTHOLOGY,34000,22,11666,12620,1.08,0,0.0,329,37392,113.7,75,723,UUdR3Ms08oSCzih6p0FsDRcg
mythology,UCAL2XAP9K4z1fV6Z1chfKhA,True Mythology,9970,27,3002,13869,4.62,1,3.7,246,260893,1060.5,86,974,UUAL2XAP9K4z1fV6Z1chfKhA
mythology,UCQAke67ddxifaOiX-rwjiNw,Mythology Matters,24000,34,131,1513,11.55,0,0.0,52,39512,759.8,7,431,UUQAke67ddxifaOiX-rwjiNw
mythology,UC2b7L2a2ATLVzuKfAHlg-Fw,Primitive Mythology,590,20,742,3610,4.87,0,0.0,36,40303,1119.5,38,146,UU2b7L2a2ATLVzuKfAHlg-Fw
mythology,UCdseO93ajD_kwtVvaZCqQGg,Greek Mythology Explained,1970,6,12996,11772,0.91,0,0.0,3049,15886,5.2,288,331,UUdseO93ajD_kwtVvaZCqQGg
mythology,UCAw0kwxmYE70AKocQD9MQgQ,Mythology Explained Español,2000,41,1607,2295,1.43,0,0.0,388,8748,22.5,900,1316,UUAw0kwxmYE70AKocQD9MQgQ
mythology,UCafx97cEzi9aSXRJ040vb5Q,Myth Explainer,18400,35,21434,78805,3.68,6,17.1,2592,790223,304.9,226,344,UUafx97cEzi9aSXRJ040vb5Q
geography,UCGh6eX_ezPYrG2AAFm9oJAg,5 Minutes Geography,989,16,1592,3205,2.01,0,0.0,46,11511,250.2,132,927,UUGh6eX_ezPYrG2AAFm9oJAg
geography,UCzHIoLdss_1M_Iw6OxRKKEg,geography,3410,26,784,30934,39.43,3,11.5,0,327988,327988.0,0,46,UUzHIoLdss_1M_Iw6OxRKKEg
geography,UCbfBFlMglqjaSIIRzTivB2Q,Earth Basics,44900,50,4410,9037,2.05,0,0.0,762,62176,81.6,257,665,UUbfBFlMglqjaSIIRzTivB2Q
geography,UCO_biEUmMGgKOYvTUfCu4Dw,Geography Explainer,1440,8,10515,30598,2.91,1,12.5,796,165624,208.1,234,323,UUO_biEUmMGgKOYvTUfCu4Dw
geography,UCdCPeOS_ars3sks6YrGTWjg,Geography Facts,1790,28,307,2284,7.44,0,0.0,26,31605,1215.6,580,987,UUdCPeOS_ars3sks6YrGTWjg
geography,UCFbkvi0Syfeuhs5XOQLk0jg,Geo Study,840000,19,62006,150297,2.42,6,31.6,1043,683764,655.6,0,435,UUFbkvi0Syfeuhs5XOQLk0jg
physics,UC3fVsjOEcQDd0pR1dg390eA,Physics by Prateek Jain,99300,20,28260,39076,1.38,2,10.0,2400,138309,57.6,0,40,UU3fVsjOEcQDd0pR1dg390eA
physics,UCzMZdLC7fAO9L2tK_OMXxrw,Physics Insights,512,27,221,530,2.4,0,0.0,65,5407,83.2,149,558,UUzMZdLC7fAO9L2tK_OMXxrw
physics,UCQmp1YRdjbLNBJfSQX7sYsw,Imagine the Physics,69200,15,57374,149957,2.61,7,46.7,18993,501533,26.4,147,206,UUQmp1YRdjbLNBJfSQX7sYsw
physics,UCdo0zvyWnZm75_dJ3wxlQow,MRI Physics EXPLAINED,9250,23,8938,13013,1.46,0,0.0,439,57884,131.9,248,1401,UUdo0zvyWnZm75_dJ3wxlQow
physics,UCovNustduOop9mSFB8stY7g,Lectures Of Physics,3060,29,43,46,1.08,0,0.0,11,123,11.2,2,65,UUovNustduOop9mSFB8stY7g
animals,UCe0m2yBfHIgkj4FJqDYwlTw,Wildlife Explainers,2390,25,1725,12521,7.26,1,4.0,60,147582,2459.7,10,194,UUe0m2yBfHIgkj4FJqDYwlTw
animals,UCiwkWn5Q01AX3YdFdLwu09g,Wildlife Unseen Explained,66700,13,42869,524995,12.25,3,23.1,1023,4589085,4485.9,0,46,UUiwkWn5Q01AX3YdFdLwu09g
animals,UCmgtqj-p_IY9NHvINTLaSng,Pet And Wildlife Wonders,8160,12,208,1070,5.14,0,0.0,71,9461,133.3,102,348,UUmgtqj-p_IY9NHvINTLaSng
animals,UCJjUlbs-ZEo4draiZzz66sQ,WILD NATURE - Nature animal documentary,221000,49,76321,85788,1.12,16,32.7,5312,316188,59.5,1,100,UUJjUlbs-ZEo4draiZzz66sQ
animals,UCSmhwbKFMdOf_fwCx31lnDg,Wildlife Rankings,2640,19,1587,14236,8.97,1,5.3,175,233269,1333.0,124,394,UUSmhwbKFMdOf_fwCx31lnDg
philosophy,UC8O_h8rLqZXO5kiH1SC26oQ,Philosophy simplified,6270,42,475,1877,3.95,0,0.0,108,26185,242.5,2,182,UU8O_h8rLqZXO5kiH1SC26oQ
philosophy,UCBFeGyW1RMD3SMPHlas7Ihw,Masterclass Of Philosophy ,8540,29,890,18541,20.83,2,6.9,150,242642,1617.6,170,210,UUBFeGyW1RMD3SMPHlas7Ihw
philosophy,UCZa1Ct__mUvYwSI-0-2bbgA,Kaal Philosophy,6640,34,1278,13188,10.32,1,2.9,78,308351,3953.2,10,175,UUZa1Ct__mUvYwSI-0-2bbgA
philosophy,UC9r9ONCAPcEFKc0DUJJ68jQ,Official Philosophy ,23200,50,4592,9978,2.17,1,2.0,1716,122865,71.6,0,98,UU9r9ONCAPcEFKc0DUJJ68jQ
philosophy,UCObSHXEw16npAvLTvX4-HLw,Philosophy with Kanwal Sir,1030,22,190,244,1.29,0,0.0,61,762,12.5,9,299,UUObSHXEw16npAvLTvX4-HLw
philosophy,UCsREDGnfVpyEmY1JhEWg6qQ,Ali Hassan,60500,37,51749,57998,1.12,5,13.5,6373,179134,28.1,11,860,UUsREDGnfVpyEmY1JhEWg6qQ
philosophy,UCpAaVBsACXjESbGOYkynjXQ,Sleepy Philosophy,18000,36,1449,16788,11.59,2,5.6,150,339978,2266.5,257,317,UUpAaVBsACXjESbGOYkynjXQ
philosophy,UCbnSEQu6XprT-kUM5nVdOBA,Spinoza's philosophy,27400,50,6668,13160,1.97,1,2.0,787,107488,136.6,1,106,UUbnSEQu6XprT-kUM5nVdOBA
philosophy,UC_TjLwoo-W59neuIY0b5z0A,Philosophy In Hindi ,50400,50,429,5984,13.95,2,4.0,83,130754,1575.3,5,295,UU_TjLwoo-W59neuIY0b5z0A
philosophy,UCXtu3iJQRFvLnOi9ETQKpUg,Joe Bart Philosophy,878000,50,554352,713799,1.29,50,100.0,157135,3018892,19.2,1,349,UUXtu3iJQRFvLnOi9ETQKpUg
philosophy,UC0gHbWz7OyEa-kz429hzx1Q,Sleeping Philosophy,26800,48,13263,32423,2.44,6,12.5,2365,157697,66.7,5,275,UU0gHbWz7OyEa-kz429hzx1Q
philosophy,UCtmInCH1cwYMecpzXqgX1lQ,The Philosophy Guy,4370,20,1733,2171,1.25,0,0.0,602,8359,13.9,4,137,UUtmInCH1cwYMecpzXqgX1lQ
philosophy,UCyF0e1sOAyObmStar_77LUQ,Two Dudes Philosophy,3200,35,1260,4105,3.26,0,0.0,324,68040,210.0,47,856,UUyF0e1sOAyObmStar_77LUQ
crime,UCrPj6DG-0dBqmrLl43A3A5w,US Truecrime Forensics,583,11,557,3521,6.32,0,0.0,89,17307,194.5,2,24,UUrPj6DG-0dBqmrLl43A3A5w
crime,UCeh64-YS9-WB5YwZGKB_cjg,Crime Lens - True Crime,22100,50,19664,54711,2.78,8,16.0,483,398443,824.9,6,281,UUeh64-YS9-WB5YwZGKB_cjg
crime,UCqdtXFhkh7FnrkUFtv1UFhQ,True Crime Breakdown,46300,49,2541,5295,2.08,0,0.0,881,77378,87.8,0,59,UUqdtXFhkh7FnrkUFtv1UFhQ
crime,UCXmVj5NqGTsu3k4HNUv3WYQ,Forensic Investigators,31000,29,3360,16952,5.05,1,3.4,769,131345,170.8,1,71,UUXmVj5NqGTsu3k4HNUv3WYQ
crime,UCpDHRjbFsghZOiDtazcjZ7w,True Crime Footnotes,21000,50,4825,22197,4.6,2,4.0,270,294266,1089.9,3,168,UUpDHRjbFsghZOiDtazcjZ7w
crime,UCZU4FTbN8itqUkaEwvwemxg,True Crime & Forensic Manipur,8340,11,45548,43148,0.95,1,9.1,10675,110304,10.3,194,490,UUZU4FTbN8itqUkaEwvwemxg
crime,UCtcZjqb3O-Z98E8_1wXX-_Q,Real Crime Psychology,422000,44,16505,49903,3.02,5,11.4,7309,331667,45.4,0,142,UUtcZjqb3O-Z98E8_1wXX-_Q
crime,UCteLiXs6P5fOUe_OqT1VO-w,First Information True Crime,1030,8,210,6129,29.18,0,0.0,58,47632,821.2,5,86,UUteLiXs6P5fOUe_OqT1VO-w
crime,UCbnWJmrhmAS3unAPHT3qAPw,Crime & Justice Files,2590,50,49,68,1.39,0,0.0,8,411,51.4,278,349,UUbnWJmrhmAS3unAPHT3qAPw
engineering,UC6hRrx1oRREi9FM7zpspi-A,Machinery Explained,521,20,2994,14124,4.72,1,5.0,299,164149,549.0,843,1122,UU6hRrx1oRREi9FM7zpspi-A
kids_learning,UCOQ9yWHYxOS_PtFM3Pd9uCQ,Kids Cartoon Education,12900,22,220,387,1.76,0,0.0,12,3190,265.8,66,790,UUOQ9yWHYxOS_PtFM3Pd9uCQ
kids_learning,UCQa-A_r-q5aeE8AV59xRYdA,cartoon education,4260,42,855,970,1.13,0,0.0,11,2995,272.3,21,623,UUQa-A_r-q5aeE8AV59xRYdA
kids_learning,UCdr_45nR1o2P4ycckLh1xOQ,Kalam Kids - Learning Islam & Arabic for Kids,316000,38,1330195,1872361,1.41,35,92.1,9873,5962039,603.9,145,1200,UUdr_45nR1o2P4ycckLh1xOQ
language,UCgJf-ENGyKhcv6NKFFyOfcw,Lucy English,5470,50,3150,3389,1.08,0,0.0,1830,10454,5.7,325,628,UUgJf-ENGyKhcv6NKFFyOfcw
language,UCJsxodKfjSKkGuYgClKKNiw,Rumi English Stories,3990,13,29746,103951,3.49,2,15.4,514,911149,1772.7,11,95,UUJsxodKfjSKkGuYgClKKNiw
language,UClN2xNiyHgZVaFBVi706nkA,English life stories,101000,47,37167,50456,1.36,4,8.5,9890,257199,26.0,145,537,UUlN2xNiyHgZVaFBVi706nkA
language,UCFN3F44NUQzkbPn9wgvgsFA,Slow English Stories,5890,39,3912,33445,8.55,3,7.7,558,339481,608.4,0,118,UUFN3F44NUQzkbPn9wgvgsFA
language,UClY6cYhhnzxDp1r9Nn-xwkg,Invite English,117000,47,10391,12594,1.21,0,0.0,962,37529,39.0,2,164,UUlY6cYhhnzxDp1r9Nn-xwkg
language,UCadQMnixagbb9u3-n3GZogQ,English Moral Stories,1440,40,262,341,1.3,0,0.0,82,1174,14.3,43,154,UUadQMnixagbb9u3-n3GZogQ
language,UCvPHTfKAURSzIS0aWXaca2A,Fun English with Nora,23300,50,8032,13010,1.62,1,2.0,4728,146052,30.9,1,117,UUvPHTfKAURSzIS0aWXaca2A
language,UCEcaRr-loeUCvjSX_O9C2eg,English Simple Stories,57800,49,25390,44341,1.75,4,8.2,1526,478393,313.5,1,513,UUEcaRr-loeUCvjSX_O9C2eg
language,UC8tWzyj5hJBCgucb6xb1MUw,Peaceful English Stories,9110,49,9227,28301,3.07,5,10.2,241,220177,913.6,1,227,UU8tWzyj5hJBCgucb6xb1MUw
language,UCKiLRmYQNPFvXLOWLA2r86Q,JAZZY ENGLISH STORIES,2950,50,608,1777,2.92,0,0.0,20,20061,1003.0,0,143,UUKiLRmYQNPFvXLOWLA2r86Q
language,UC727sR5ULVpTQRKB1InmLFA,Learn English with Jack and Mia’s Family ,575,20,1106,1661,1.5,0,0.0,169,7767,46.0,77,138,UU727sR5ULVpTQRKB1InmLFA
language,UCWTTG3E3FbfwV0Stq_b18fw,Learn English Through Story,38600,50,5150,6739,1.31,0,0.0,1266,65138,51.5,257,710,UUWTTG3E3FbfwV0Stq_b18fw
language,UCB1UfsLZvgfk_zHnmzO0kBQ,Learn English With Confidence,14800,50,1664,4255,2.56,0,0.0,381,26653,70.0,9,233,UUB1UfsLZvgfk_zHnmzO0kBQ
language,UCwZWEG25zAEPRgKpvwIjT3A,New Stories Book English,697000,25,1342,1775,1.32,0,0.0,184,8416,45.7,0,28,UUwZWEG25zAEPRgKpvwIjT3A
language,UCIDYQyBtblPBFzea98f4l0Q,Slow English Stories,17400,48,4982,34283,6.88,3,6.2,762,682405,895.5,100,209,UUIDYQyBtblPBFzea98f4l0Q
language,UCVSFPHpniGRq8pGC_gdJGxQ,Leo English Stories,65400,50,17869,152057,8.51,9,18.0,658,2775707,4218.4,6,190,UUVSFPHpniGRq8pGC_gdJGxQ
language,UC5NBerHf6xPrkKbaSe0Carg,Aakash Animates,7170,50,953,1628,1.71,0,0.0,432,12399,28.7,21,172,UU5NBerHf6xPrkKbaSe0Carg
language,UCSltv4Gp7mNJwf9jOWixOZA,Ella English,56000,50,6110,6597,1.08,0,0.0,822,13217,16.1,0,86,UUSltv4Gp7mNJwf9jOWixOZA
language,UCtGTGyRvQegxnvebw9lmTkg,Kiddoo English Learning,581,40,236,2883,12.22,0,0.0,22,25276,1148.9,33,178,UUtGTGyRvQegxnvebw9lmTkg
language,UCcIIZSOyBI-vNKk8xBpdyMQ,Learn English with Parvi,44900,50,6914,13138,1.9,0,0.0,1005,89055,88.6,4,273,UUcIIZSOyBI-vNKk8xBpdyMQ
language,UCBsH2Z7t51RGmLQQDPvucwg,Window English,150000,50,6422,25909,4.03,3,6.0,3489,343142,98.3,0,246,UUBsH2Z7t51RGmLQQDPvucwg
survival,UCZhlnjJSWiebeJ8adCtoRrQ,China Survival Guide,2940,9,17043,22516,1.32,0,0.0,6104,64141,10.5,20,116,UUZhlnjJSWiebeJ8adCtoRrQ
survival,UC50ZNPApGB9NaMb3LpiNXkw,Survival Core,2430,40,8108,39100,4.82,2,5.0,632,821658,1300.1,25,183,UU50ZNPApGB9NaMb3LpiNXkw
survival,UCwQ0JL_Ltt9KpUp7OmG1K3A,Survival Story Zone,1850,14,2586,15540,6.01,1,7.1,121,170493,1409.0,0,41,UUwQ0JL_Ltt9KpUp7OmG1K3A
survival,UC2sAny8hk9VtLrE4ylZbGjQ,Sketchy Survival,40900,50,923,1609,1.74,0,0.0,229,15865,69.3,1,70,UU2sAny8hk9VtLrE4ylZbGjQ
survival,UCvFcxb2Q_f3RhvHPcuWiSuQ,Survival Curriculum,50600,50,4928,12673,2.57,2,4.0,628,197987,315.3,0,157,UUvFcxb2Q_f3RhvHPcuWiSuQ
cars,UCg0fh5NKq1texA56gCZ6CMQ,Cars Explained,20300,36,10552,103883,9.85,5,13.9,486,1608458,3309.6,24,490,UUg0fh5NKq1texA56gCZ6CMQ
cars,UCl3zJhrd5phKX640RV2yZNQ,cacaca | Auto Detail & Car Care,2330,19,2602,21699,8.34,1,5.3,197,233431,1184.9,482,795,UUl3zJhrd5phKX640RV2yZNQ
cars,UCiLYSOEmbH5cVD7aoWbFcoQ,Pepe Explains Cars,5530,11,19664,45327,2.31,1,9.1,66,303623,4600.3,6,101,UUiLYSOEmbH5cVD7aoWbFcoQ
food_science,UCOBmxmWH92jM7o-Nc9fmThw,Food Science World,34500,6,54258,61622,1.14,2,33.3,2406,137395,57.1,24,52,UUOBmxmWH92jM7o-Nc9fmThw
food_science,UCZzQdpvLbJqxUOTvUwOma4Q,Cook the Science,1260,12,1074,1752,1.63,0,0.0,410,4070,9.9,83,637,UUZzQdpvLbJqxUOTvUwOma4Q
ocean,UCn7WBZICOj7GnvC4xjTB-PQ,Lumos Explained,6270,8,64,77,1.2,0,0.0,6,230,38.3,69,261,UUn7WBZICOj7GnvC4xjTB-PQ
ocean,UC5hxA0oLaqpP9VD7GdP3NWQ,Science Hidden Files ,1550,14,5324,54706,10.27,1,7.1,1010,651049,644.6,90,141,UU5hxA0oLaqpP9VD7GdP3NWQ
ocean,UCflLXCMNPbeMdhBYU4nf50A,Deep Explained,6170,22,8775,36740,4.19,3,13.6,92,358018,3891.5,0,82,UUflLXCMNPbeMdhBYU4nf50A
art,UCuxBWHmGEdmGX1utApN19ug,Paintings Explained ,1550,5,88,73,0.83,0,0.0,43,96,2.2,24,39,UUuxBWHmGEdmGX1utApN19ug
art,UCfHTVhEoQcc8-DqSvTVrxDg,Art Explained | العربية,18300,8,1104,2447,2.22,0,0.0,170,7594,44.7,2,45,UUfHTVhEoQcc8-DqSvTVrxDg
art,UCKK7d5tdhiUy3Zmloiua8oQ,FINE ART EXPLAINED,994,18,1312,6408,4.88,0,0.0,140,57231,408.8,1179,1302,UUKK7d5tdhiUy3Zmloiua8oQ
art,UCZNStI0lZrdJtQed7h8Ha5Q,Narrative Art History,23200,16,26068,47794,1.83,1,6.2,2950,335902,113.9,93,1283,UUZNStI0lZrdJtQed7h8Ha5Q
aviation,UCdFCoHlgo0eepE50BiWA7DA,Aviation Briefing,11600,8,106,526,4.98,0,0.0,44,3469,78.8,111,326,UUdFCoHlgo0eepE50BiWA7DA
aviation,UCeIbI1DrcHCWSMKV0Bzy9xw,Aircraft Design Toolbox,20600,38,11960,27190,2.27,2,5.3,611,244846,400.7,54,787,UUeIbI1DrcHCWSMKV0Bzy9xw
aviation,UCMCIeVFsT8TIwLcyBc_Vv4w,Aviation Minutes,1730,10,180,538,3.0,0,0.0,70,3801,54.3,8,75,UUMCIeVFsT8TIwLcyBc_Vv4w
aviation,UC_v69VbzRvzimBLhLcGXkuQ,5 Minutes Aviation,1740,22,222,517,2.32,0,0.0,9,3541,393.4,7,803,UU_v69VbzRvzimBLhLcGXkuQ
aviation,UCBeZYVlqOeSSlrBSXl4aTig,Pilot Debrief,1030000,43,788580,1102951,1.4,43,100.0,159071,6562928,41.3,3,325,UUBeZYVlqOeSSlrBSXl4aTig
aviation,UC_ChdwB3-d8CfWi53A3vbGA,Air Crash Investigation,237000,43,478896,763598,1.59,36,83.7,22779,4485771,196.9,26,905,UU_ChdwB3-d8CfWi53A3vbGA
aviation,UC9m6460HrlW7269a1pnmgOA,Aviation Explained,6450,30,2248,29010,12.91,2,6.7,188,252269,1341.9,22,389,UU9m6460HrlW7269a1pnmgOA
aviation,UCWldwrYbWFAeBRoLjyM56Jw,Commercial Aviation Training,2180,50,720,907,1.26,0,0.0,145,3077,21.2,112,378,UUWldwrYbWFAeBRoLjyM56Jw
aviation,UCD0vqYYrwvVRO38f-POIs_g,Easy Aviation,2110,8,46,68,1.47,0,0.0,9,215,23.9,74,560,UUD0vqYYrwvVRO38f-POIs_g
aviation,UCX_lWqW9P7-p46DUri3tX9w,Aviation Analysis,851,34,738,1236,1.67,0,0.0,171,5633,32.9,348,619,UUX_lWqW9P7-p46DUri3tX9w
aviation,UCYE9kPttIDbjYICr-tYCuOA,IAI explains complex aviation investigations,8790,34,7998,9272,1.16,0,0.0,1156,33773,29.2,5,201,UUYE9kPttIDbjYICr-tYCuOA
aviation,UCMOQkZ0IMq1qb2XTC_yLlEQ,Plane Curious,77600,50,45250,53956,1.19,6,12.0,4464,192303,43.1,1,116,UUMOQkZ0IMq1qb2XTC_yLlEQ
aviation,UCfz1PX_OTrVCKVgJRkoOYBw,Aviation Explained,3020,21,15097,31353,2.08,2,9.5,173,169665,980.7,3,85,UUfz1PX_OTrVCKVgJRkoOYBw
aviation,UC3h7MXNX-lS3dTR70mAnpEw,Aviation Factz,1960,25,185,477,2.58,0,0.0,25,2553,102.1,14,222,UU3h7MXNX-lS3dTR70mAnpEw
architecture,UCb_Icg66MxJptyUBxPkjTgQ,Architecture Knowledge Centre,636,10,580,741,1.28,0,0.0,369,1487,4.0,279,380,UUb_Icg66MxJptyUBxPkjTgQ
architecture,UCdUGbVqhvhiOpwT4PhOcc3A,A for Architecture,1360,6,9428,10773,1.14,0,0.0,2790,22370,8.0,296,366,UUdUGbVqhvhiOpwT4PhOcc3A
architecture,UCf8b3rQ3whg50AyebKUDMzg,Architecture & Planning Exams Preparation ADDA,834,21,108,132,1.23,0,0.0,20,580,29.0,256,572,UUf8b3rQ3whg50AyebKUDMzg
architecture,UCMmoSxi4-rLVKi-E3qFy9IA,Passive House School with Anton,2060,21,2019,3602,1.78,0,0.0,252,18617,73.9,561,1170,UUMmoSxi4-rLVKi-E3qFy9IA
architecture,UCr4QZ-X0WhwrwMc7VUMsg3A,Architectural Journey,2710,9,2190,10269,4.69,0,0.0,113,48499,429.2,30,898,UUr4QZ-X0WhwrwMc7VUMsg3A
math,UCQLu9FjXUJvejkRwAbD82uw,Fantasy Mathematics,217000,40,32318,29173,0.9,0,0.0,1832,67171,36.7,5,97,UUQLu9FjXUJvejkRwAbD82uw
math,UChPErknCSh-qsp9aO5Dqh4w,Check yourself. Physics.Mathematics,1150,36,102,1170,11.42,0,0.0,5,32774,6554.8,3,265,UUhPErknCSh-qsp9aO5Dqh4w
math,UCc0mgUbWeVc_lNmMnawiv4g,Viral Maths ,572000,16,26768,63778,2.38,4,25.0,2721,299281,110.0,11,140,UUc0mgUbWeVc_lNmMnawiv4g
math,UC_jLqERqlULluiHG7KLjtSw,Mathematics With Sam,2790,39,367,918,2.5,0,0.0,51,19260,377.6,105,327,UU_jLqERqlULluiHG7KLjtSw
math,UCUSxTCklIRJJhQGtKiDwJrQ,Mathematics Analysis Class 10,2660,47,86,122,1.42,0,0.0,34,532,15.6,3,148,UUUSxTCklIRJJhQGtKiDwJrQ
