niche,channel_id,title,subs,total_views,video_count,age_days,passed_gates
space,UCxw1XtgyS6kw2JWSbrDS6xA,GALAXIES EXPLAINED,60,17545,25,2337,0
space,UClxmSbBQNju_sNXsZeEua5Q,Space Explained,1,46,4,1838,0
space,UCWZJoPUZqJP1ExJA42E5Naw,Space Explained,24,26299,17,3185,0
space,UCp-Q2oPC_KL75_x59D07TFg,Cosmos Explained,6,357,1,28,0
space,UCpmiNCyI5taPiKlQc792RMQ,Deep Space Explained,7,44,3,554,0
space,UCWDQG2gfbJoJtZB5uQRdGpw,Space Explained,368,24337,36,301,0
space,UCvUPtqDz-iT_8i7U3R4gNgg,Deep Space Explained,437,109443,162,3095,0
space,UCT4xX3jiHXK_XdaHfyzvLyA,Space Explained,369,356367,138,348,0
space,UCVHUZD2xR7bvrcqGTTLCZFA,Dark Space Explained,35,5038,6,108,0
space,UCIGQpNLFA5QPIWMpDwrsLlw,Space in Minutes | Explained,232,74973,43,198,0
space,UCm379MXfvvcHSvX5S5EIOiQ,Space Explained,31,39272,37,179,0
space,UCG9ShGbASoiwHwFcLcAh9EA,SEA,773000,109508186,137,3988,0
space,UC1M3idms2Gd4wSRHD4LWpFA,Space Explained,117,120565,229,509,0
space,UC7_gcs09iThXybpVgjHZ_7g,PBS Space Time,3510000,545476375,445,4187,0
space,UCb8OWwQUz7FfxNGiaE7YPgQ,Space Explained,20600,46773,14,1430,1
space,UC2taj8m6AKja_4BEM_Ald9g,Cosmic - Space Documentaries,75300,17953013,177,1601,0
space,UCddA-gXXDvO6oT0PESd2Pqw,Space Simply Explained,2,139,3,23,0
space,UCA0vmaTK1TDyL6CwJWxP0-Q,Space explained ,3,40,7,959,0
space,UCr7VGzU1kODYicEWeth7h6Q,Space Explained Fast,0,559,53,138,0
space,UCRbJHuRyL0CAalWjW3Pq-OA,Space Explained,10,211,3,21,0
space,UCi15SxQCBluws1jJhGwKgIQ,Space Explained Slowly,29,2232,16,59,0
space,UCEjtrxTA6Q4adJsCwndbnHw,Infocat: Space Explained,13,942,24,182,0
space,UClWw4e-5aGZvCwZcuiPz9rA,Space Pedagogy: Universe Explained,7430,479623,412,5351,0
space,UCQuaVbvDTPB0US4oFx5mRLQ,Space Explained,9910,7461306,7,252,1
space,UC59YFNxgvfReLItuA59o_OQ,Space Explained,23,163,4,2749,0
space,UC29GIjZ5Qyr8jOAv5ollBBg,Space Explained,13,135,2,2078,0
space,UCzDx99m72LTKmXi8DW8Shlg,SB Space Explained,14,2955,6,163,0
space,UCnWvxZUeoUEC1DZ2aNH-aYw,Deep Space Explained,40,11263,27,137,0
space,UCyKi4ubJIA6mmeCZUeUcb8A,Space Explained Daily,9,2422,26,17,0
space,UCO-v1yTBFZxelhxSxcvCWcg,Space Explained,197,36541,4,4224,0
space,UCqySL8y1tfMP0dw4SMt_y2Q,Universe Explained ,28900,947801,130,410,1
space,UCDXpOdyrAuuJx1GbDgho0dw,Space Explained,4,102,3,266,0
space,UCZafACCwrNWI1r4yDjIlnow,The Space Explained,775,96802,15,157,1
space,UCq7hwLOc6lhNoyXkGkXKSNQ,Relativity Space,55100,3177948,112,2387,0
space,UCjc8H0qveXVjLSV3hJRSR1g,The Universe Explained Today,1590,189554,117,58,1
space,UCzDoyNU4GzOHEZNtfhvRyxQ,Explained Space,2,1568,25,154,0
space,UCyeGnfcCjBIK7OnGAHcI-Bg,Space Lore Explained,11,1485,2,15,0
space,UC-k2F2ltOC_3Plc_64IoGPQ,Deep Space Explained,69,33797,28,2232,0
space,UCNZegH5HQPx_chNsPqJw1Rw,Sleepy Science Channel,319000,34501066,287,384,1
space,UCucqcd3JGlRBIs1605_pycw,Space Explained TV,16,3158,20,109,0
space,UCuNSUhPKFAzxQmb5sJbWksg,Space Uncovered,571,123581,650,111,0
space,UCr7T8GL2GuVR3xZT0sXmTuQ,Space Explained,0,8,1,251,0
space,UCB-rRO20UYq-4gLcWGHwFfg,Space Explained,63,43530,20,750,0
space,UCfaAecIvENW2CN50-HVxzdg,Void Explained,302,519007,45,102,0
space,UCNPlCtFL04_dX14cnLVVF_g,Space Explained,50,12706,13,170,0
space,UCM1FTOrcNeroqccveNmiKkg,Deep Space Explained,641,141022,193,334,1
space,UCFRhCYkdo3ue8YmWdS5nTbg,Space Explained,0,0,2,1,0
space,UCmLQqA5g62GIfQa9oME05wQ,Origins Explained,3890000,1036597336,4445,3845,0
space,UCSLH0Nw0AS__iEWteqWV5vw,Space Science Explained,11,0,0,176,0
space,UCjMgYifqQX_LeI8wGD8v80Q,Space Bytes,507,80012,155,218,1
psychology,UCQfYuOrl6ETzCr9QJTBqxfw,Psychology Studio,5070,923864,293,484,1
psychology,UCS37_tICBoVHSFNvspzDlkw,Psychology Explained,112,8881,42,187,0
psychology,UCL6ipVBa8mVsKHBYXbyn0HQ,Psychology Explained ,13000,777637,30,154,1
psychology,UCpQHvFDIBFzhG9u0hPJddHg,Psychology Explained,3,126,5,180,0
psychology,UC2wJtOwWt-4oDCMRL-DHelA,psychology explained ,28,1262,12,108,0
psychology,UCK_64kVYXF4_V0MKGLMdOfA,Psychology Explained,25,2911,25,395,0
psychology,UCssYYCqVUlfv3opDOMfsF1A,Psychology Explained,26,865,8,201,0
psychology,UCQe-gBDtlBr0aSFWgPmLBfA,Psychology Explained,10,126,3,95,0
psychology,UCWZzlOb5XtVxYumdhRJnXYg,Psychology Explained,0,1,1,175,0
psychology,UCXgzyQrbM5w19DPazwFyovw,Psychology Explained,27,2582,19,1436,0
psychology,UCf-4TQHY99GY6iH00neNRpg,Psychology Explained,0,2,1,36,0
psychology,UCxCMEBH-rxKsFRmC_rQw8mQ,Psychology Explained,3,103,8,152,0
psychology,UCNJbEMAcPPizYyrfnVYA9MQ,Psychology Decoded,5570,353079,60,1083,1
psychology,UCE7EW5xF3Za6tMj_t-6ag-Q,Psychology Explained by Ryan,28,4773,9,573,0
psychology,UC8Bi96b9Dr1L7-ZdNNAobPQ,Psychology of Crime: Explained,5,73,4,190,0
psychology,UC2pAFcVJ3uMvt6cZIOCojoA,Psychology of Love Explained,93,5257,21,147,0
psychology,UCVN6Ssi9GE8NeTCbjeky01g,Psych Explained,1250,67420,46,2668,0
psychology,UCswD7YCdupdwNxGvAQwQI1w,Psychology Explained ,211,20447,47,185,0
psychology,UChLo1u_EQKQDUKxkW2G3UOg,Psychology Wellness,5730,496378,70,181,1
psychology,UC6Unpcb3T4QijIBs8hPfeyA,Psych Explained,130000,7241427,160,3643,0
psychology,UCX1CEiUmwtGyp9jb1kJ2bKA,Psychology with Ben,13300,1325539,23,299,1
psychology,UC8wJ24Xu0HbKMKuFSqGoYqw,Psychology Explained,10,822,15,121,0
psychology,UCbjwpBm7Se-vsxu2cByYC4w,Psychology Explained Simply,25,1483,45,147,0
psychology,UCM1gEmQyz2RaQ4BvYg-gZWg,the Psychology Guy,11900,932628,137,433,1
psychology,UC21ugzHY9_V5Bqs8B03fdEw,Psychology Explained,0,1,1,39,0
psychology,UCcPetSFSh6Oasx0h4nvpmoA,The Psychology Debrief,1910,129593,86,1850,0
psychology,UCn_lhbD_zUDXz0Y_reNRaZw,Unsaid Psychology,340,88198,94,192,0
psychology,UC-4LzDBR0Vj9pQqpi_2SbRg,Psychology Explained,2,237,6,119,0
psychology,UCjNRA0pTqzoOw4uFYg8DQ3Q,Dog Psychology Explained,76,6916,10,141,0
psychology,UC98Gox-mwVfgeFBPUaPQp7w,"Psychology Explained""",7,82,3,6,0
psychology,UCTMJQHW5TKZp8HIV-IzwfEA,Psychology Simply Decoded,15200,871403,60,978,1
psychology,UCAupfwD1A8jq7egFXeGoOGw,Simple Psychology Explained,37500,2362921,37,175,1
psychology,UCrmeDYb6uTzch6BM6oHvg3w,Psychology Patterns,8,1042,18,183,0
psychology,UCsCF4d4JqlIPsXCg2kaBauA,Psychology Explained,6,459,2,174,0
psychology,UCLyl8KfrCmtOkGeM2TDtYqQ,Psychology Explained,126,9250,43,203,0
psychology,UCj1C2IZVeMsPSwRdnXhk7cw,Psychology Explained,0,16,7,105,0
psychology,UCHhagE49oRfB7aDje1wnx7g,Human Hesitation | Psychology explained,157,49474,43,843,0
psychology,UCd9zfgdluCwchRGhNPfqtXA,Psychology Explained,1,83,13,922,0
psychology,UCHUsr-38lxKtvgQZn2NGoOw,Psychology explain mode,6590,679244,62,482,1
psychology,UChbCVRtiMDCayfifVLrHBPA,Psychology Explained,0,16,13,189,0
psychology,UC2IQtlBk6ONy6g3f9m_yvgg,Edexcel Psychology Explained (A level),10,54,2,104,0
psychology,UCA-gTJIJZLCG9ZPdBFSvHoQ,Psychology Explained,72,6238,9,367,0
psychology,UCls4PTsDlc-5gYMYWtBm1_g,Psychology Explained,0,18,3,140,0
psychology,UCy7NJBPAEslhIkyo1a7e-fQ,Psychology Delhi | OCD TREATMENT,35400,6939757,1889,2736,0
psychology,UC6rtWAGcGrFsPerClgnrrrA,Psychology Explained,2,1585,19,181,0
psychology,UCHacVMLp7bHDC7e4eoPi9Dw,Psychology Simplified,274000,21962082,102,254,1
psychology,UCnePg7njTiObq8B8lbOiqTQ,PSYCHOLOGY EXPLAINED ,21,5726,63,250,0
psychology,UCc94aTvKbakQ5nuSu5VElbA,Psychology Explained,3,129,11,752,0
psychology,UCzbd9-29U95gx_Iy9Pze-0A,Psychology Explained,6,387,8,142,0
psychology,UCiDgVPIhWe-e1YBQe6NPO-A,Psychology Explained,26,1383,12,96,0
history,UCSJuOk5rXEBKe72UPymhQXg,Financial History Explained,210,13561,11,180,0
history,UCVh7MQWDTU54CVdv3EKS3og,History Simply Explained,595,86255,124,1695,0
history,UCLLY_8MzA9-8NGG7EcTAD9w,History explained in sixth grade terms,74,517,6,681,0
history,UCNIuvl7V8zACPpTmmNIqP2A,OverSimplified,9580000,1405929704,33,7214,0
history,UC1rlP2lXvygmmL1WHwUSorg,Cats Explain History,636,28713,40,119,1
history,UCvTMhxvINRGer7ZcUmR7vSg,History Explained,63600,568270308,917,6835,0
history,UCh4cfiCV0TfWYlShhOkxHBA,History Explained,42,35,3,275,0
history,UCMDvaAdI3limzN4v2mqO28g,Strange History Explained,411,9508,70,143,0
history,UCidVjv597Z1_D-9TJnBFibA,History Explained,27400,15282,3,1385,0
history,UC_bOoi0e3L3SJ1xx5TZWHPw,Heimler's History,1280000,229455078,773,3431,0
history,UCwtKBkNuGanw_waGcVhBXoA,History explained by shivam,5,200,3,114,0
history,UCvZIZzbmhr847dpPNNePrkg,History Explained,13,4787,8,6479,0
history,UCxXBoxqiS8n7_08TcNscjEA,Echoes of History - Explained,205,4370,34,5291,0
history,UCg5z-wvcIaB9A9yfktqB26A,AICE International History Explained,133,3036,16,458,0
history,UCUYK0BJZF3yNb2fw1EdAXUQ,The Rest Is History,539000,100118474,1044,1558,0
history,UCp6_7oKB3EUF8asODaWtFcg,History Explained,293,119134,107,644,0
history,UC_74p5pPZUFmA_SQMSDK0-w,Dark History Explained,304,81637,85,151,0
history,UCqOCeFiWn9eB_V8WLxxm8hg,World History Explained,785,205815,213,845,1
history,UCs3LdsjlnqemgarWoFZ799g,Dark History Explained,57,17985,34,184,0
history,UC-T1C4QT0TpH6fUZ3O04PKA,History Explained - Revision Resources,308,31075,59,163,0
history,UCePDFpCr78_qmVtpoB1Axaw,Great Art Explained,1870000,61140428,88,2300,0
history,UC9fpH5VplAjr4wRYqSLgpLA,“Hidden History Explained”,58,24566,37,150,0
history,UCdNrVWdi0ByXHWs-n0647Mw,History Explained Hindi,10,172,8,61,0
history,UCF2u7PsGNOMf8YFLXEkiy-g,The History Explained,55,25083,27,590,0
history,UCdsNdRqJYgnwrJ_X9xPayFQ,143 Explained,76600,12635063,65,427,1
history,UCIe5Yz8YKRQUDxNBrPmg69g,Explained by Rehman ,19000,2114500,660,2490,0
history,UCxQPOhB4HiJqwolrEaxR9gA,Divya Charithram History Explained ,35,2914,2,156,0
history,UC916TKvV31L4eSJgZHOu-0w,History Explained,38,3758,32,356,0
history,UCPNhKLgxiTxBZmu2WZZKmkQ,Simple History Explained,5,369,2,451,0
history,UCmpCIAdUE2ONZR1ivktmx6g,Real History Explained,59,20867,32,374,0
history,UCNbBTFiK4xDuP2p2Gn3rPYw,History Explained,148000,11309571,20,2632,0
history,UC1LM8mY81bQlvAK8XsSxLAA,Indian History Explained,30,11606,18,185,0
history,UCwOkZmZFeiAiaxBPrpqpIpA,Explain History,2740,741903,83,153,1
history,UC0o3pn0rX29cJViMcd-d5kQ,"History, Explained",105,1500,46,533,0
history,UCxaIIG4oLfXjGRYyv-ZYFBg,History Explained,1460,265218,63,1199,1
history,UCwERgK4pAZyc09YL80-r3KQ,Queer History Explained,2190,163260,25,181,1
history,UCaF-Ab7b8gt_lNUEj7au1iw,History Explained Simply,18,8563,42,205,0
history,UCIoI0yQXAqlgtRI-xDKR-uw,History Explained AI,6,203,7,13,0
history,UCHdnvehNi0m6botXZlVuF2A,History Explained - TV,7,3802,9,23,0
history,UChFyRx-9xV-24ZMG9oDNeJQ,History Explained,26,33186,42,167,0
history,UC77VmMDPloF0FGN4RIqfsVA,Countryballs Explained,226000,48416110,149,5812,0
history,UC1FrYcdofVWmIc5uj7Q9Zwg,History Explained,36,4558,43,164,0
history,UClrcrOh8mo9ZigNW_EiEjqQ,History Explained Better,1690,222054,238,266,1
history,UCkZgj7VRPzl0Z6txMmXdI0g,History.Explained,94,35455,38,2756,0
history,UCicVSNyM7PMXEzdoAsTB02w,Chat History,1080000,117324905,97,1478,0
history,UC1I3jchpTW8mvQkzV-fmFoQ,Art History Explained,16700,876441,8,313,1
history,UCSl58G5qxGSJXNNn1Vw6O-w,Civilizations Explained,4810,844544,42,162,1
history,UC3GYBOSRp2OXBdWksRw52cQ,History Explained | हिंदी,2,140,1,4,0
history,UCH4Bz5Swatl5iHSuCT_Hlxg,Mythology & Fiction Explained,1550000,155301311,295,3234,0
biology,UCBlHYBCoCmfqHnZNk5NyVvQ,Biofairy Ritu Rattewal ,771000,150578712,538,5459,0
biology,UCkcgKyyaJ5vk8YZEJ4v8aeQ,Nucleotides Biology Discuss ,5890,461008,587,3206,0
biology,UC8VhAX-voAUegprM4SpHQJQ,Wacky Science,796000,23964626,6,1745,0
biology,UCFlZfYG73CSe-pBWEA0_Giw,Biology with Prof. Masood ,2150,101840,162,1053,1
biology,UCMBAd6BB7Q7HZ4rgDoGfhBg,your other biology professor,4940,321460,63,1105,1
biology,UCU7VskVoTylFkQBETc4IOWw,Biology simplified 🧬,83,3582,28,51,0
biology,UCrO9fUHE3gjlBc0Gv0EMKQg,KV eDUCATION,735000,149793813,1353,2823,0
biology,UC6xE1uIVHD9_EhNXEjscF6w,D Biology Classroom,14400,1772717,193,5390,0
biology,UCFFCQ9EUxxvtzbUxZuKmZKg,Biology Explained,0,289,2,199,0
biology,UCCVclxslsRWT3LHFu8mQhNA,Thought Potato,427000,42669471,125,1853,0
biology,UCUYo8bUb_N-Wpe87874U1Qg,Biology Explained,1,21,5,551,0
biology,UCxsyrSfak9q512Q35QdzaTA,Biology Explained,1910,14,3,1287,0
biology,UCA6CTpFYPrPHqn4pOh3rS_w,Human Biology Explained,78400,3861920,8,4531,0
biology,UCW-4jeyuQ84vxgL2gFlDqnQ,Biology Explained ,9,62,1,5306,0
biology,UCEKhq_68wMyD9VuJf3H513Q,BOGObiology,75100,9122113,78,4733,0
biology,UCqzoPtGqbB5AmVCIx2YwLfQ,Biology Explained,38,109,2,1935,0
biology,UCsLnaKCdOZplab8B3T0PjrA,Nucleus Biology Class NBC,781,56390,246,4566,0
biology,UCPtA6ZkLjW-h-eXTAf7ibjA,Organized Biology,64600,2540936,275,1489,0
biology,UCp0OXGHVz5RL2pW3_qp5z0Q,Molecular Biology Explained,9710,888509,6,4574,0
biology,UCWegYZvd9LpdXBnuV05gP7A,Biology Explained,11,303,21,109,0
biology,UCeqOyY_JRR5OwsFMNpsVd0A,Biology Concept,4200,2040998,1010,2391,0
biology,UCKNYiIDfpQ8Zv8Sn-7JnDXw,Biology hub (UG and PG),3110,150133,172,1462,0
biology,UClpeLlEHyJOcPQPxXUwwomA,Animated biology With arpan,386000,54634210,1150,4881,0
biology,UCz7NYyz-IiRWccl3ISGlaHw,BIOLOGY WITH PRERNA ,77,31879,70,1489,0
biology,UCsDviUaUZHs0zgUXbb3regQ,Biology with Mr Mitchell,13100,1664479,90,2977,0
biology,UCEJnwWWM_oqh7CoZvb17qkw,Concepts Of Biology by Anshuman,240,12422,64,5768,0
biology,UC2EkSnmPVGVLx2j4hmJn2AQ,Biology Explained,0,21,1,292,0
biology,UC24K8-tMIa04qt61Npiv5KQ,Biology Simplified Tamil,797000,243502637,7205,2542,0
biology,UCGIALzz5_y0UvETNI_Uam9g,Biology explained,326,28766,17,1854,0
biology,UCJgTu6kC0roRXcq9RZaGW9Q,Clare Biology,7890,2008529,228,2321,0
biology,UCeNFZHCMl-i1g_EjD8rLCWA,Biology - simply explained,627,67053,4,1590,0
biology,UC0cd_-e49hZpWLH3UIwoWRA,Professor Dave Explains,4360000,524703970,2111,4227,0
biology,UCb2GCoLSBXjmI_Qj1vk-44g,Amoeba Sisters,2880000,385343726,226,4765,0
biology,UCEdZp7GYGf_tFOGxtEWY_NA,Biology Explained,1670,74586,18,1210,1
biology,UCVXN1JVK9n_KwmSnnKS3o5Q,Biology Basics-CJ,12400,636797,222,3648,0
biology,UCkciKoCV489LcIzl5KqFa-Q,Biology Tahsan ,86,1548,48,49,0
biology,UCKHG1YfQ8RsroFA4eYq3uMw,Biology Explained,6,1506,6,63,0
biology,UC7gnfzqRgh82Vc9DPQY6E3w,Simplified biology 🧬 ,47,3677,36,1259,0
biology,UCLbbWob6OAlZ1N8QR0V6VdQ,Biology Knowledge Point ,6010,1019057,929,1221,0
biology,UCVMg-6_aRssa0R3hmsiefZQ,Science explained,62700,3994367,273,1894,0
biology,UCJ6O_eLnO7MCxCtyVgFZtuA,Biology Explained,136,94287,99,183,0
biology,UCpq-MrYVThk2L2AHr1TiG2w,Astha Suryavanshi | Your Biology Teacher,24100,1703194,122,176,1
biology,UCrNVCo5Kj9SjHsg69K16kAA,BioMan Biology,83900,10492237,31,2386,0
biology,UCspeN0DBYzJ0jZ8hiKS8APg,Biology Terms,46400,7410975,365,3107,0
biology,UCwYrHYknAh4sCEjA3BABX1w,All About Biology,54300,6377228,312,2775,0
biology,UCPQtKHB2zTv0BSNfBIwbq_g,Decoding Biology Kannada ,1410,111084,109,602,1
biology,UC_99xej_U1OmrMevRU5ecEA,Biology ScienceSK,804000,126465298,1977,3332,0
biology,UCWuLRaNpxl-bafiPAEeKZuA,Biology Explained,344,31756,186,2224,0
biology,UCl1W7tNvptU-6tv9zKzIgrw,NAC Biology,43200,2110003,213,2303,0
biology,UC3ML4uSiLGAVbNZBxZTe98A,Guided Biology,18200,2129137,164,2841,0
technology,UCVm2owTtr2OpPblUGgybnYA,Technology Explained,4,175,6,2998,0
technology,UCJS9pqu9BzkAMNTmzNMNhvg,Google Cloud Tech,1430000,58240910,2212,4390,0
technology,UCUoW2dp1fflHlp3odv571HA,TECHNOLOGY EXPLAINED,0,6,1,36,0
technology,UCarLfuysZ0GTS9LyPojOwAw,Tech Explained With Alp - Tech Stories & News,3390,60586,58,4198,0
technology,UCAX_XBj3tpoLnLVpUuCvlqg,Technology Explained,2600,22352,10,674,1
technology,UC8txHj3_VyM2okn2tIm6_jg,Technology Explained,1,30,1,2624,0
technology,UCen1DUYZl_mqlG_G4mM2rqw,The Technology Explained,1,26,3,1105,0
technology,UCR1XIGjqEmUMccDJ4sC0GPg,Technology Explained,0,315,1,2500,0
technology,UCoGf62NE5UNI84W0Zr7l1RA,Technology Explained,419,62599,127,4317,0
technology,UCUM46MgPIFf-D1Lm_gTXXvA,Technology & Games Explained,12,0,0,555,0
technology,UCKWaEZ-_VweaEx1j62do_vQ,IBM Technology,1750000,125024327,1712,6636,0
technology,UCxk0SchiOBjaNZL-mVLlrmw,Technology Explained,475,251304,176,1761,0
technology,UC131rygtER0Lm1t_QFNQKZA,Video Tech Explained,28200,1515932,45,2272,0
technology,UCsi8u05L3lVWdiJ31svyn5g,USA Explained-E,15,4062,24,57,0
technology,UCJnYYtOFMpNnqpqUbvMge8A,Technology Explained ,1,15,2,1042,0
technology,UCAXApYk1rQu6t2lDPrAQSGg,Technology Explained,27,5548,4,3527,0
technology,UCpwyIpdiSrbaISeieVFShKg,Tech.Explain,264000,79256176,85,302,1
technology,UCAlUobX0tuGgWDaRNwaICGg,Tech Explained ,11,226,4,47,0
technology,UCoLO7ao1fGWaaf85nx-Tpnw,Technology Explained,71,960,10,2006,0
technology,UCQbmGPmUPwNGOgcJgIXCaIA,Technology Explained,8,41,3,1158,0
technology,UCBhAW9FzB_qhzxbkcqXqLPQ,Tech Explained,13200,858823,14,360,1
technology,UCUBTVCbrMvnGGhvjve4vCXA,Technology Explained,3,23,1,3902,0
technology,UCUZ5sa4DGyK4K0B9XnByR4Q,Technology Explained,861,24258,17,1239,1
technology,UCNNG7jy8FYoigC0n3IcOtOw,Science and Technology Explained 😍,0,0,2,2,0
technology,UCkCtg3FRF5tBD3bnHTzDbKg,TECHNOLOGY EXPLAINED ,53,129,1,1632,0
technology,UCmRr8s5WaBd8e1V9xP4_PDQ,Technology Explained,16,0,0,3288,0
technology,UCT83v3_YmOFuZ5vxDN5GpkQ,Technology Explained,0,15,1,3041,0
technology,UC6-i4PZC4g8_8r5qOee8YLg,Future Technology Explained,2,425,3,162,0
technology,UCmN-yEDLQw95dXONZtNGrjw,Technology Explained,5,53,2,2127,0
technology,UC-MHUM5PrATEznH-XOQCj0Q,Technology Explained,1,77,4,3097,0
technology,UCmRyZNxuA2kyBw7dplvtP9A,Technology Explained Simply,49,56,1,3451,0
technology,UCjYyoMoZU-AU64p9oVzhukg,Future Tech Explained,18,6529,16,143,0
technology,UCgFbPhyP-ZVC9Ke8wi7iHXA,Technology Explained,5,50,3,20,0
technology,UCR_Ni-Q-QgnCvtIVqMnMqxw,Technology explained,54,16290,55,1895,0
technology,UCwANsA4nnPD9dSTg-eqeiMg,Tech Explained Hindi,0,460,9,46,0
technology,UCK5DtExT38Ar3Yu5l32HUiw,Technology Explained,9,4659,3,3571,0
technology,UCAoOIW9ogFEmrs7K9TOYbXQ,Technology Explained,0,8,1,1895,0
technology,UCmtxllbImmKucwetmr1DTEw,Tech Explainer Guy,10200,1694182,27,181,1
technology,UCmyHcOsAfPS2s14fGtQ763Q,Technology Explained,90,59806,2,6526,0
technology,UCAy_pLMYlUqIAF233riJ9tQ,Think Tech Explained,1050,276118,66,1426,1
technology,UCNK6uKO1L1ltfSpnqKW3OYQ,Technology Explained,1390,888571,62,5631,0
technology,UCZYsFnyY-JmSSAlOgQ1y1Gg,Technology Explained ,0,4,1,1766,0
technology,UCe2qpjZLfitywDZF4GLEAXA,HiTech Explained,112,8038,7,1284,0
technology,UCQ8DJRhcN_D-tRzNg_oyIUQ,Tech Lingo Explained,12,167,2,175,0
technology,UC1L_jbFKsmzqPzBhTSfL_9g,Explaining Tech Like You're Five,81100,6042064,468,2041,0
technology,UCeOzfC3vSlkUxA_vcOP0vXQ,Tech Explained,89,11580,2,1480,0
technology,UClQXay9BQVSuTBReHitu_7g,Technology Explained,9,599,11,2057,0
technology,UC2-kkVj9vACtbAIJTb28Anw,Technology Explained,106,36875,5,3900,0
technology,UCC3OceHSFfiUT2ERNWvKfUg,Tech Explained ,4370,348931,229,1739,0
technology,UC9ki6iIyLzv-nU4vK8VAx4w,TECHNOLOGY EXPLAINED,1,43,5,1997,0
economics,UCbTvgddcpMaQ0EmeB81zInQ,Money Explained,6,3317,18,2067,0
economics,UCLcmgzk0UYlblo_XysBwuOg,Money Explained,5010,865466,61,2252,0
economics,UC9YS_wMvbgZRdfxdO4Jvcuw,Money Behind Power official,16,575,9,702,0
economics,UCUJ2KIJsO7eutJdL6MT3LIQ,Money Explained,29,3173,7,3030,0
economics,UCnEvkN_90La6PwHlz6wWQ6Q,Explained by Money,8,3011,14,169,0
economics,UCgVPOk-YA24NGPRLq9hYPxw,"Money, Explained",0,4,1,166,0
economics,UCrDRUTldY6Sex2gyj2hWOeg,Money Explained,1,39,5,277,0
economics,UCsK1dOqeNp--H4Y7nR9EeXg,Money Explained Lab,7,41,1,200,0
economics,UCpgdsXNp-qyo4JzikVi1CDg,Money Explained,0,22,3,194,0
economics,UCkCGANrihzExmu9QiqZpPlQ,How Money Works,1730000,286271833,318,2778,0
economics,UC1oICYaoEo8p3UsxA9XpfpA,Smart Money Explained,33,2129,10,136,0
economics,UCXs38vE_qy-3ImD6kts8Bdw,"MONEY, EXPLAINED",70,1408,13,835,0
economics,UCu6QaErE5nBF4tcwz-zgsFQ,Money Explained,47,1143,11,184,0
economics,UC9JnDPudCUDF3O6AA1GUnVA,Global Money Explained,15,8019,8,153,0
economics,UC5bB-JBu9GygYVh26HMAAsA,How It Actually Works ,18,1849,3,208,0
economics,UCt7pj0pffNB9x7w96XRUXSg,Money Explained,0,17,9,219,0
economics,UCJNXNGxC38v9UN-1R5UGJ3A,Uk Money Explained ,1,17,2,181,0
economics,UC3lT5eFN-yvPIgV3ra_JrhQ,"Monbisfy - Money, Business & Finance Explained",10,281,6,181,0
economics,UChP9Gkp8QDGnysfAl_IAZzw,Wealth Strategy Explained ,12,289,5,219,0
economics,UCxH2HgyINJnROn6TgrTzJkw,How Money Works Uncut,113000,12031763,48,697,1
economics,UCdZZTnzSG6XwdxGdDBwqRWg,Everyday Money Explained,76,60725,105,226,0
economics,UCAn27eZhCYhESiq8DJGjfcw,Money Explained,1,5,1,285,0
economics,UC2kfIICO3yAGijPseVfDATw,Money Explained,9,1362,35,190,0
economics,UCpSXrVNdslnaenEt1l2tXSQ,Money explained,0,22,2,175,0
economics,UCHTXWLJRrH5V1e36wZIXDig,Money Explained,5,1435,16,200,0
economics,UCYd0vA5d9pW8tRuWbCYoX-g,Money Explained,6,1593,20,233,0
economics,UCX3JneosaO4nftofAqVTmPw,Money Explained,3,1799,15,168,0
economics,UCx0atOaaG2CB4ML9MK0gddQ,Money History Explained,221,15900,45,231,0
economics,UChkYhLWUP5Nfvf9z8hO7dHw,Money Explained,3,3617,46,210,0
economics,UCLsR5icUa5filkBSq9jEqVg,Money Explained,5,168,12,4323,0
economics,UCTZFR-SgtChNtTOQgpKKOPg,Money Explained,0,76,1,178,0
economics,UCIHU6WHhC997YoINSIHF8rQ,Money explains 101,166,48811,25,582,0
economics,UCcHRJBqZek28DrUNw_8NSyA,Why Money Is So Weird,9,4530,31,353,0
economics,UCeW_eL9V-A6h4u-tSfMnlhA,Money Explained,1,2,1,231,0
economics,UC1JnrtBynjQZjG1nbJ9G1iQ,Money Explained In Minutes,6,962,23,58,0
economics,UCDmJ0q0ggEZcOh5-3XUVYqQ,Andy Explains Money,19300,1341417,100,119,1
economics,UCKvVMTYg5eZMTS7TroThE3w,Money Explained,1,117,9,191,0
economics,UC-uHIx85hGLzzGbHU2NyE0A,Money Explained,8,96,5,205,0
economics,UCdyZKp2Ka0wiljbxeuw9dCg,Money Explained,15,3629,68,226,0
economics,UC0eEB9af3_Y0qGCYs5k8LuQ,Mops Explains,14,904,30,92,0
economics,UCY5330wbTk70jtjjXuOwvgQ,John Explains Money ,2,21,4,11,0
economics,UC14Fb2zWTEZklONPXFbLrTQ,Primate Economics,564000,30567000,26,1624,0
economics,UC5RsBFD74aBNVtJst1DQLRg,Money Explained,0,60,7,196,0
economics,UC_s_KyocWaNvigVvlB4-hSA,Modern Money Explained,0,4,1,203,0
economics,UC7Cj5MaBrxUsHSpzzGEVePQ,Real Money Explained,0,11,3,226,0
economics,UCXegE-GXzVN6oLdn0Lufz1Q,"Money, Explained",0,15,1,204,0
economics,UC_y738LM5ciJy-2cCkB9d6g,Modern Money Explained,34,38399,43,5415,0
economics,UCXMltjFc-3gHvdcjlVtntcQ,USA Money Explained,10,3213,6,147,0
economics,UCUh5m4D_bSOqw7cJF8EQ8Dw,Finance Simply Explained,18400,588210,67,350,1
economics,UCTSIWnPKvZfN08H2sGfkNZA,Money Explained,1,107,3,489,0
mythology,UCdR3Ms08oSCzih6p0FsDRcg,LIVING MYTHOLOGY,34000,2846297,429,1433,1
mythology,UClvGkTrwgsSxuABA3Fv_xQA,Ancient Mythology Explained,6,2237,12,677,0
mythology,UC3OdvPCG6N759LhjNiDh0jQ,Jake Doubleyoo,558000,78915104,121,4114,0
mythology,UCD-h-LC0DpWQaBw6FlgSKHA,Ancient History & Mythology Explained,2,243,9,52,0
mythology,UCGtq8XcFzCODDIukrckREQg,JP MYTHOLOGY GYAN,1,40,2,669,0
mythology,UCjlyND7vChryxiVt5kn3WNA,Chinese Mythology Explained,78,9831,20,47,0
mythology,UCxX2tpwhi913wDcFXoD7Fow,History & Mythology Explained,0,178,3,68,0
mythology,UC4FGudNOKwlD2656HETiM0w,Indian Mythology Explained ,184,34535,18,292,0
mythology,UCsz8Fs56FY_96oJ9JSEpmHQ,Mythology - Folklore A-Z,138000,11848726,392,3769,0
mythology,UCz5Su-9IRHBUQmH35EUykHw,World Mythology Explained,61,13377,20,722,0
mythology,UC5Ui66o094iOqtKK1rmRBVw,Mythology explained by AI,0,64,2,44,0
mythology,UC32Xk_SPl0jPviK17dcdE2A,Greek Mythology - Explained ,1,118,1,175,0
mythology,UCAL2XAP9K4z1fV6Z1chfKhA,True Mythology,9970,433652,73,1110,1
mythology,UCMNO5DyuBpWRlWwTjqaP6RQ,Mythology Explained,220000,21957625,238,1998,0
mythology,UCQAke67ddxifaOiX-rwjiNw,Mythology Matters,24000,52503,34,974,1
mythology,UChNajzYKFKAgKMwVjSI8-tw,Mythology,0,0,2,1,0
mythology,UCx6BRv_H1lCAxZXQauyNB2w,Hindu Mythology Explained,1860,1025197,241,2879,0
mythology,UC5BH4eDDTTYFEYXY2AHfojg,Mythology Explained,994,0,0,953,0
mythology,UC_EL76E-4NigSYB0UlUMM8A,Easy Mythology Explained,0,15,1,170,0
mythology,UCAv9JbpHVSS1l1_VWpcL7Og,Indian Mythology Explained,2,52,3,217,0
mythology,UCodbH5mUeF-m_BsNueRDjcw,Overly Sarcastic Productions,2560000,868852509,926,5591,0
mythology,UC9RByKhQ_9afzRUGCG8MFMQ,Mythology Explained,6,481,7,737,0
mythology,UCU4yfCCgXTUYcSPI0_5rP9w,Raconteur - Mythology & History,93600,8710703,81,2248,0
mythology,UCcJmoSiVXpbCK3SpGifPxAg,Mythology with Mike,11300,607521,92,5916,0
mythology,UC1MHmB4iLSI4bpdYaZdzW6Q,Mythology Explained,2,322,7,975,0
mythology,UCtFqRtYShmUp1-MowdN26SA,African Mythology Explained,224,10355,14,649,0
mythology,UCrmbXw1ljqqxfggVmIHcQZw,Mythology Explained,0,982,15,462,0
mythology,UCuUZlNK4EClI8j2g8fdStfQ,Mythology Explained by Manish,27200,3403267,37,246,1
mythology,UCAzGe8uTi5o7CoglEdi_63g,History and Mythology,73800,8061557,446,1632,0
mythology,UCGpXM5yOgFsYfNyeoc9hz9g,World Mythology Explained,4,1503,4,4408,0
mythology,UC_Siso8LcjvKJ9MRIHG6J_Q,Mythology Explained Shorts,42600,17275336,39,2216,0
mythology,UCjUOlZTn6YKqJwLcUFE0CKA,Mythology & Fiction Explained,1,12,1,836,0
mythology,UCPPesvpcJzkYOvK_DHTs7gw,LOST EXPLAINED,54300,4136476,56,3852,0
mythology,UCoCbOTi0L7ny4YYs44dR7dg,Mythology,4,533,6,36,0
mythology,UCX03lOmgl3iRAzj8yPFxcVQ,Jon Solo,1830000,571418058,1124,5749,0
mythology,UCHrVSAiialonjYDUuhyTm5Q,Chinese Mythology Chinese Mythology Explained,7,1835,40,341,0
mythology,UC2b7L2a2ATLVzuKfAHlg-Fw,Primitive Mythology,590,72199,20,146,1
mythology,UCh7fDw3PlAXTqtqwy068z4A,Mythology Explained Hindi,13,181,4,156,0
mythology,UCilXC5GUeKQ_XURW49BhuPQ,Hindu Mythology Hub,54,4067,25,134,0
mythology,UCDxdRnwEC5XPWhSqPHEoF6Q,Mythology Explained,2,7,1,1172,0
mythology,UCdseO93ajD_kwtVvaZCqQGg,Greek Mythology Explained,1970,129252,24,333,1
mythology,UCGgfOy0Mg6ETJm-MkEnK0Og,Gods & Goblins: Mythology & Folklore Explained,34,3324,6,190,0
mythology,UCgYdA9aB4_Je-GSSwGaleDg,Mythology Decoding AI,2,0,1,6,0
mythology,UCAw0kwxmYE70AKocQD9MQgQ,Mythology Explained Español,2000,94099,41,1316,1
mythology,UCWjEf3kf_RBP6MGzxoKrhIg,Mythology X Files,175,42886,47,150,0
mythology,UCE88N-Cv1jWlpHfGkJvb9GA,KNOW MYTHOLOGY,326,26472,42,211,0
mythology,UCW_MH48EbtoaTAguNP7vGtQ,Mythology Board,2,130,4,9,0
mythology,UCGo6d-mEC0BvHdHh9Qb1Ljw,Mythology Explained,0,6,1,807,0
mythology,UCafx97cEzi9aSXRJ040vb5Q,Myth Explainer,18400,2758148,35,429,1
geography,UC9cpGw2hVv-6G-76HO22jQg,Sudarshan Gurjar Unacademy,945000,127127008,958,4736,0
geography,UCzZtvFdl9-UTTDnyDG5QF9w,Geography Breakdown,22,31715,20,241,0
geography,UC8-1HhXVT4jk8XIMeTM5l5Q,GEOGRAPHY IS FUN,46,20775,33,386,0
geography,UC4AfSrsPniipcgOY67jB6JQ,Geography of All Countries,122,8472,21,311,0
geography,UCtqNgkG6D9ELnooHxN2D1qA,Geography Easy Learning,58,2580,24,91,0
geography,UCGh6eX_ezPYrG2AAFm9oJAg,5 Minutes Geography,989,52024,19,927,1
geography,UCU3aC9YWXi0SQaeTi01A0mA,Let's Go Geography,1550,352993,32,3323,0
geography,UC4o7cAaKbNEkvAx5eBfn_wg,Geography for breakfast,34,13735,19,134,0
geography,UCP2xDVP-cSH7EjZIwwI4LGw,Geography Explained,3,7083,6,3865,0
geography,UCkzVHtqeNp8fTrRuVAOsWgg,Geography Explained,0,9,2,148,0
geography,UCmmPgObSUPw1HL2lq6H4ffA,Geography Now,3900000,708882630,1292,4350,0
geography,UCRgMIwmmh1-2k5HeTQ2cdkQ,Gaurav Thakur,7380000,754599678,431,3419,0
geography,UCYGi7Yu-h5srOlWApX6zreQ,Geography Here,475,68044,25,257,0
geography,UCPXbvJMCmlIa0rb-0T-13NA,Geography Explainer,72,11935,7,5869,0
geography,UCiznrrWaJrLv-aFEy6Q3eTw,Geography World,6590,462401,35,3668,0
geography,UCTtUyr22CgTS5gxwfMaoL1g, Geography by Manisha Detha,8,2745,9,39,0
geography,UCNFSmw2mZfT29S_a7DWaKmA,Geography in 60',7,5980,9,71,0
geography,UCpVm7bg6pXKo1Pr6k5kxG9A,National Geographic,26300000,7054812435,11427,7388,0
geography,UCBXPcEpjKiQhaTXH2OcYqmg,Geography Explained,3880,2228021,103,427,1
geography,UCSi4DHWxso1iMQ_xfUbHAoA,Map Geography,24,15859,35,126,0
geography,UCzHIoLdss_1M_Iw6OxRKKEg,geography,3410,795440,26,53,1
geography,UCQu-3i0bk5owVey_9LQx1-g,Geography Explained,21,17818,7,1561,0
geography,UCP5tjEmvPItGyLhmjdwP7Ww,RealLifeLore,7930000,1965592684,497,3817,0
geography,UC0m1jIs-cNcQkUCs2Zb5Bvg,Geography For All,383,139537,81,376,0
geography,UCbfBFlMglqjaSIIRzTivB2Q,Earth Basics,44900,11128936,206,1337,1
geography,UC8SFW_mlVgbHO955hl6Tfvw,Daniel Steiner,347000,53944991,79,5406,0
geography,UC0VvEu3KkRoN8krbdnrh57g,World Geography Explained,0,425,46,31,0
geography,UC4Xk43Esnj0VBam33YgzVmg,Geography and History With Fun,1180,115625,26,464,1
geography,UC6vncsTa6myNrqgHXTYrXPQ,CAPS Geography and History Explained,39,1142,4,155,0
geography,UC81EB-mcfpHUgPrgjC9OJuw,Geography Atlas,152,140724,23,45,0
geography,UCGMdjF70GnRrHPTnaFgA3tQ,Geography Case Studies,13900,1368283,105,2363,0
geography,UCFVH1ZrtBd-xsLDAQUBsL0w,Geography Explained,2,356,153,79,0
geography,UCS9M2wH1lWygAwW_MZ910TQ,Geography Nuts,7930,1514748,813,2220,0
geography,UCgObkBQsKe74G5TiQ_GpO7A,Geography Explained,37,22017,47,170,0
geography,UCpEH7hF0elemU6ZhRUuWpYw,Geography Facts,9,9604,10,113,0
geography,UCO_biEUmMGgKOYvTUfCu4Dw,Geography Explainer,1440,244761,8,357,1
geography,UCdCPeOS_ars3sks6YrGTWjg,Geography Facts,1790,116797,56,1089,1
geography,UCFbkvi0Syfeuhs5XOQLk0jg,Geo Study,840000,206491326,193,1035,1
geography,UCPcABVoFfCK5gDfX0PY1KGg,Drew Durnil,1560000,1146098023,5764,4898,0
geography,UC8XMhVVn0ZjJDPR6o4KXMEA,Geography with Dave,81200,7472593,75,2291,0
geography,UCFaSR7gUU39qJe-eDSiGY0A,Geography Geek,372000,44578746,132,3766,0
geography,UCJYOuJKVeWi5KmUfnWfy_Uw,Geography Explained,0,436,7,113,0
geography,UC7-Z34pbJ0ZAOJRmUCEz0Cg,Geography By Geoff,1060000,260550957,510,1787,0
geography,UCWkB-JI5VaQLmV-BkrpBGdw,Everything Geography by Thapelo,31300,3153920,74,4790,0
geography,UC4or-OYqdlBnL-M-5cMPcFw,Geography Explained,1,505,1,145,0
geography,UCd15dSPPT-EhTXekA7_UNAQ,JackSucksAtGeography,1760000,908431478,993,2314,0
geography,UCjE9oosITb_DAI8EMcsQ5TA,KLT Geography,166000,80643706,329,1462,0
geography,UCpXhqdA3BNiiVrDzDXFAipQ,Geography Explained,15,2966,2,965,0
geography,UC0KQl0l8LoEzKHddTcRyNyA,Geography Answers ,1750,1550277,205,669,1
geography,UCPygkMfs6jx0qVxab7RsqYg,Geography Secrets ,4830,1219022,166,3835,0
medicine,UCJG0Y9ORtiMOFkMZbeRgrbg,Human Body Explained,0,791,3,152,0
medicine,UC9GexBL8teHLJ9wAHEyjwPQ,Human Body Explained,121,32195,37,238,0
medicine,UCjB_TB1gyZVm7xkoCEtPKrQ,THE HUMAN BODY EXPLAINED ,3,89,7,163,0
medicine,UCPb0DNW8hkvJRJMJCePnDQA,How Your Body Works,4,17,2,43,0
medicine,UCGF1fFU3-rU_aGaBV7VJUaQ,Human Body Explained,38,4182,44,1050,0
medicine,UC8V9BBLB0bFpz1QU3knjIbA,Anatomy Explained,1,9,3,126,0
medicine,UCs-himPBw3cP57DGXxyH0QA,HumanBody Explained,0,0,1,237,0
medicine,UCT7vKwukrVHqlMkTelQSghA,The Body explained ,3,52,3,111,0
medicine,UC45PP9G_N-L0NnPRCIJpnvw, Human Body 3D Explained,11,12157,18,227,0
medicine,UCmxZgfEL5NEIVxn7ekCvdLw,Human Body Hub,32,27417,30,37,0
medicine,UC7t0i89pNX9Pkwsrq0XIhPw,BODY EXPLAINED,104,14080,19,3604,0
medicine,UCgv30n6X2j2Fv_Ah3sffY6A,explore the human body,47,10787,25,238,0
medicine,UCRXpuBoGcCcU4X4OSq5gagg,Human Body Explained,20,10346,8,190,0
medicine,UCD1yRS80g-zzAK1csJXDsEA,Human Body,4,2837,11,43,0
medicine,UCBdmwF_PSbwPlQHNd7YzUtQ,How Your Body Works,2,9,9,180,0
medicine,UChfm_g0g0tThNuHYtFAIp_A,Human Body Explained 3D ,13,6364,6,223,0
medicine,UCMl3rKWsLyeWuS_9vRERGFA,INSIDE THE HUMAN BODY,13,0,0,80,0
medicine,UCxrwjVt3yPLxMG1cjH01PeQ,Human.bodyexplain,1,2,1,205,0
medicine,UChOqvELGP1ThJek3diozZNw,Anatomy Explained,3,68,7,5,0
medicine,UCjiF-DWSTpJTiHByLNKf4cg,Human Body Explained,0,237,5,743,0
medicine,UCSDPZY4jAQ9qPjJZNG30pyw,Anatomy-Explained,6,85,3,220,0
medicine,UCT9t54VcErEiPaWflH2k2Tg,Inside the Human Body,236,25063,24,161,0
medicine,UCZUFx-0ljfrZDc_VN8oFNVw,Human Body Part And Work,10,436,20,1223,0
medicine,UCVopmN_bTPpuWbqsUgiJ-sA,Physiology Explained,1,337,11,188,0
medicine,UCtIxp_V2eoAwhlhzx6gpCUw,"Human Body Explained, Anatomy",61,15322,26,161,0
medicine,UCo31GcbcGekyBGnp72Mi67g,The Human Body Explained ⭐,1,13,1,28,0
medicine,UCrrwGrsAsbYOikU_DCW0CyA,Inside the Human Body,81,13207,6,192,0
medicine,UCARg7WRh2mDOynPc9NdagvQ,Human Body Explained,281,23451,43,371,0
medicine,UCcZtATMspRylSP0C2WTp5GA,Human Body Explained ,1,66,4,201,0
medicine,UCU4Cn3yA37lWlhVCGK_gZGg,Humanbody,2,2615,5,23,0
medicine,UCF8wFdOGRfVp_OLCU70z78Q,The human body science,48,28275,27,61,0
medicine,UCmcgyfdEySyKTVVnmR0aqaA,Human Body Secrets,7,5193,5,52,0
medicine,UC5fdT7-2_avTZPgPR_AQtWg,The Human Body Explained,0,738,1,1373,0
medicine,UClgfnThmq6JhlOgdS4YgH-w,BODY EXPLAINED,3,1259,1,8,0
medicine,UCaL_kDOkyx8wbh2pYfO_T7g,Inside The Human Body,0,7,2,190,0
medicine,UCxj0EunXvvBzVf6vi4iPt2w,Inside The Human Body,0,3,2,181,0
medicine,UCc6d123n4dmFNSpAfHgpZvQ,How Your Body Works,0,29,4,40,0
medicine,UCDNbJuclHiNdW0hwDoF16lA,HUMAN BODY 101,0,0,1,1,0
medicine,UCG-N_yYd10uApwXK_bdpbew,Human Body Explained,57,25802,34,253,0
medicine,UCLhW80tFju3s8u1ODm2IjmQ,BioMotion,0,8,1,47,0
medicine,UCvhKTlGYaJt02ARHVjX0MIQ,Human Explained,41,6114,10,1968,0
medicine,UCRBtxiat5gtNGRE210nPUuQ,"The Human Body, Explained",56,29725,41,134,0
medicine,UCFcX2xfEOEsSi68qwHCkGOw,The Human Body Explained,3,2812,11,1329,0
medicine,UCwDGL9vmFbrhWa5aaoXgz6A,Human Body Explained,90,19469,42,139,0
medicine,UCtosWyUiA-E-jQUTyP1ZUvw,Inside Human Body,68,114136,144,223,0
medicine,UCMX2b7TV4zXC7FGflqmYC0Q,Human Anatomy Explained,25,7306,5,98,0
medicine,UC-nbQ4SyGEfOB1PTKKEeLig,Life inside U,145,21467,25,52,0
medicine,UC4mkiDgIBlEoA-eJ7HOvKCQ,how your body works ,0,13,1,89,0
medicine,UCJ6VphabjsU6z2EPNnLJzEg,Human Body Explained,15,5280,32,35,0
medicine,UC8kxOoIU6uTtve0RiZTKm8A,Body Science Explained,433,153017,200,523,0
physics,UCiEHVhv0SBMpP75JbzJShqw,Lectures by Walter Lewin. They will make you ♥ Physics.,1840000,159022918,1695,4189,0
physics,UC78LWRGcNq4E1CQDL_3CAoQ,The Physics Universe,13300,1104057,264,6157,0
physics,UCiGyWN6DEbnj2alu7iapuKQ,Physics Wallah - Alakh Pandey,14300000,3173332438,1701,4565,0
physics,UCz7coKOds-bchXCwZvxchgg,Physics and Nature,1080,203477,435,5326,0
physics,UCIZ5ZOeiXYbmKTl_85ghNPw,Physics Explained,395000,29669673,75,2847,0
physics,UCOfLm6gZGt3vwTMKRg-irhg,For the Love of Physics,194000,14569253,223,3604,0
physics,UCbvIiohqAD2dn0pjwUasYAQ,GCSE Physics Explained,6240,563594,281,3046,0
physics,UCR_usUmtP0Mz_frrohgV63A,Physics Insight,30700,8385034,1047,3861,0
physics,UCtHXRO3puapFK8jrQMqyYJg,Infinity Physics- H S Sethi,25900,3550254,453,2243,0
physics,UC8Z_fpEYLtBu3-OuhJGqLZg,PHYSICS SIR JEE x UNACADEMY - JANARDHAN SIR,41000,3121733,332,2975,0
physics,UCj1gfrsi8H8zTrmR0ft1Kjw,What The Physics?!,66000,6963778,33,3953,0
physics,UCUHW94eEFW7hkUMVaZz4eDg,minutephysics,5970000,588395847,313,5517,0
physics,UC9TEVzOCAb3ddbJ80zcP-Hw,Physics and animation,106000,16568756,174,4049,0
physics,UCFtAsDXpzJVpvgTxnlhHbQA,PhysicsHigh,144000,16019100,439,4002,0
physics,UCwkhjRhv6CHkQa6EiQmcX0g,sachin sir physics,1050000,157250432,4196,5213,0
physics,UC3fVsjOEcQDd0pR1dg390eA,Physics by Prateek Jain,99300,21192597,131,105,1
physics,UCuFEbVNI-ljz5p4RswJgFbw,Imagine Physics Explained,39,3766,38,156,0
physics,UC9PpXgKf2YIgIWKaOLnL9Pw,Physics Concepts By Sir Waseem,4590,198609,233,6202,0
physics,UCmUqTcxmzgnQOTsBSzG6orw,Khan Academy Physics,144000,14789157,61,3651,0
physics,UCHBRhxBvZ-HmmMwZWxgasZg,Physics with Muhammad Arafat Khan,477000,34657516,198,3940,0
physics,UCpMcsdZf2KkAnfmxiq2MfMQ,Arvin Ash,1130000,124080119,442,3036,0
physics,UC0AuiQumtAjtGUKpw4zm3iw,PHYSICS SIMPLIFIED,82,4843,65,209,0
physics,UCWY5wUKKP8q7ytbSfYOEUZA,Explore Physics By Himanshu,24400,1887106,900,4589,0
physics,UCzMZdLC7fAO9L2tK_OMXxrw,Physics Insights,512,14319,27,559,1
physics,UCQmp1YRdjbLNBJfSQX7sYsw,Imagine the Physics,69200,2217009,15,207,1
physics,UCiSRDTm2YIaX78bFibh-CCg,The Physics Academy,10600,1794725,904,2319,0
physics,UCSrwhbt5DQZgTRnlPZ7EwXw,Theory Of Physics - Anubhav Shrivastava,10100000,3764529155,247,2320,0
physics,UCTG_vrRdKYfrpqCv_WV4eyA,Ten Minute Physics,42200,887920,26,2097,0
physics,UC02-e6K7o5_bPw0weXh3W3g,Higgsino physics,102000,15934607,33,4244,0
physics,UC_QHutoygMY_wtS7Hd_dI6g,Physics Explained,15,5399,21,3290,0
physics,UCH2rTXSDD5rJGPs10xERXrA,Physics with Professor Matt Anderson,233000,19880472,741,6299,0
physics,UC1yNl2E66ZzKApQdRuTQ4tw,Sabine Hossenfelder,1780000,366056722,1182,7137,0
physics,UCZSC7wgBq3RSLKoJDfGL0Rg,NoahExplainsPhysics,21700,828496,18,2911,0
physics,UCdo0zvyWnZm75_dJ3wxlQow,MRI Physics EXPLAINED,9250,303641,25,1417,1
physics,UClgIArp_-VKLwa-K2hRdQqw,Physics with Mo Ali,49700,2662476,35,2330,0
physics,UCovNustduOop9mSFB8stY7g,Lectures Of Physics,3060,195834,447,1008,1
physics,UCFtJyYqoMG7h9yRgltyuEUw,RK Physics Point,34900,6054727,217,2021,0
physics,UC_-8t4plgPUNFAEIb9XnvQg,Physics Topics by Praveen,3650,662491,526,4758,0
physics,UCDA3Qbq-ogY7f62fUV-lAgw,Understanding A Level Physics by Dave,5330,537522,377,2388,0
physics,UCCJLDOadGBOYZCTZuZxOtfQ,kvsk physics,54900,6555304,236,2292,0
physics,UCRuQvaHizXQ2wpJr-0yuvjQ,Physics ki Adalat By Er. Mani Sir,367,15446,33,5943,0
physics,UCGfFUc6eWxfbtjYeun6r9xg,FloatHeadPhysics,689000,41471468,330,4303,0
physics,UClYQEijrrJq_SWs1VT082CQ,Physics Explained the Feynman Way,23,2535,28,231,0
physics,UC5_pRFj7f_5bAVCqortnETw,Deep Physics Explained,0,0,2,2,0
physics,UCX4zLK5FDS0Xghp4CsIbZbw,Fun with Physics,343000,92806440,431,2853,0
physics,UCKr7qz5fpglSMIsb_v0K7Bw,Understanding.Concepts.Of.Physics,138,4455,129,295,0
physics,UCP3alkHEJhoxTpy3iVON-lg,Physics with Elliot,222000,11810294,52,1807,0
physics,UCJ0yBou72Lz9fqeMXh9mkog,Physics Videos by Eugene Khutoryansky,1040000,80472259,203,5440,0
physics,UCZzatyx-xC-Dl_VVUVHYDYw,Physics Online,215000,27516356,1262,4273,0
animals,UCe0m2yBfHIgkj4FJqDYwlTw,Wildlife Explainers,2390,331893,38,1146,1
animals,UCAn4Hp0RTOJxbN1DRnhtQBw,Wildlife explained,105,103856,38,67,0
animals,UC97bMqA6HrUEw-yNqssyBrQ,Leo the Wildlife Ranger - Official Channel,3320000,3711196642,1535,3878,0
animals,UCl7fdwRG5ZXirrzoARzIa4g,Wildlife Explained,12,1762,11,1488,0
animals,UCQysr6mQVgjdOfLpU5wtcJg,Wildlife Explained,0,3,4,166,0
animals,UCN-yAOQs5SCrOYH8o1WOjxw,Wildlife Explained ⭐,0,43,1,22,0
animals,UC3W1a6sZbZVSwBdbXZN-pwg,4K Wild Animal Documentary,78,22056,37,6476,0
animals,UCZ-QHWml_3n-UqdBe481l0w,Wildlife Explained,59,1183,9,6746,0
animals,UCTddz2qZQSPW4zN3b2mHyFQ,About Wild Animals,608,262348,165,2847,0
animals,UCJwpGGqO_HRXVksuTOZS0vw,When Animals Attack,192000,52470932,316,1508,0
animals,UCgkPxOZZpiiV00iN1vrjKzw,Wildlife Explained,3,1541,3,31,0
animals,UCFdxdE_ckDUiTGxqG5xQaTw,Wildlife Explained,6,435,7,163,0
animals,UCN7VS7adjymIkORoRlVji-w,Mythic Animal Wildlife ,18,1154,10,243,0
animals,UCvYl6nmfUtu2MeGD78ChNAA,Wildlife Explained,0,26,4,25,0
animals,UCPuVTxBIiO3S9OUoVWmGl3A,Travis DuBridge | Wildlife & Science,3200,822056,66,5327,0
animals,UC51ftA5dYv3WJxjqdO2XAbA,Wildlife Animals Guide,48,41845,48,31,0
animals,UCmnxIjObfh9mRqHOstKOQWA,WILDLIFE PLANET HINDI,118000,15601468,346,1611,0
animals,UC5Yo88QF-chdugJbAnB2tUw,Casual Geographic,4260000,709140648,183,2187,0
animals,UCiwkWn5Q01AX3YdFdLwu09g,Wildlife Unseen Explained,66700,51657871,105,111,1
animals,UCRkHUFpAQZgWBvS2pVqhuyw,Wildlife Story,111000,146012278,314,456,1
animals,UCDPk9MG2RexnOMGTD-YnSnA,Nat Geo Animals,6440000,1830265381,4351,6882,0
animals,UC7VqtXlRmAErdaUagBU_4sQ,Wildlife Gyaan Hindi,31800,2663018,107,180,1
animals,UCiGWlTOOqmLLfDTgMzXL2tg,Animal Explained TV,0,69,1,4,0
animals,UCmgtqj-p_IY9NHvINTLaSng,Pet And Wildlife Wonders,8160,9756170,41,348,1
animals,UCCu94xp9hXXUCbiGGFKNeog,Wild Gravity,2100000,668368077,566,1894,0
animals,UCqm0KH1bERdw-26OiduLwIQ,wildlife knowledge,6370,3784252,154,4657,0
animals,UCexls3bdo5ZVsspaVG6_Izg,Wildlife Professor,16800,5062762,36,4212,0
animals,UChu2QRhE1UQZcrdS5SUk_iA,Animals Explained,2560,391493,25,4063,0
animals,UCZth8cYslVTe1EDo4wW_C5w,Wildlife Explained,42,7372,12,3146,0
animals,UCHIGyHIxijjXZY0AOQAw_rg,Wildlife Explained,3,562,30,197,0
animals,UCJjUlbs-ZEo4draiZzz66sQ,WILD NATURE - Nature animal documentary,221000,53766392,208,731,1
animals,UCBogIykBUyf8eOT_qV5LXyw,WildLife Explained,5,963,17,156,0
animals,UCixA3oO2eb3-xTS6RS04gOg,Animal Wildlife Explained,0,254,1,187,0
animals,UC7nLWwomelvokMZ5XuwnP9Q,Wildlife Bytes,65,20148,44,187,0
animals,UCc9A6CZwM91XXYf9C2P-RJA,Wildlife HuB,496,153906,155,659,0
animals,UCSmhwbKFMdOf_fwCx31lnDg,Wildlife Rankings,2640,270404,19,475,1
animals,UCMBSAfn9kdCJcb5AykjvICw,Animals Explained,127,19449,17,1050,0
animals,UCflM0v3Hh6sjxqItOm11CNg,WildLife Explainer Hub,72,17926,23,107,0
animals,UC-5IzLPW1UQs-YWPsg1cnaA,Wildlife Explained,9,2771,8,83,0
animals,UC0KupAKUSlS-YgbvV8RDS7Q,WildLife Explained,78900,758304,11,2002,0
animals,UCwtYkTSPz_KCobkWdsdFL2g,Nature & Wildlife,2,416,24,69,0
animals,UC8yIOpiI_41vX-8Yw-9iYmQ,Wildlife Explained,10,52,11,424,0
animals,UCufFSyAmF_zl3tjDNfnVrlA,Wildly Explained,32,11761,16,165,0
animals,UCDH93VqSrw5A2DA4p_sw_4g,Explained Wildlife,2,2953,9,157,0
animals,UC3BmhC5Wwmyq6GOlqbJCNUw,Animal Analytics,5800,646385,322,1481,0
animals,UC6q23CQl4-jm6Yyc7czruSw,Wildlife Explained,39,47011,24,3481,0
animals,UC6mhAA94V7Mbw0OX8twlsMA,Wildlife Explained,62,10568,9,216,0
animals,UCMpLlGp6sudB8wLOb23N4ww,Wildlife Hub,965,832928,36,20,1
animals,UCNrRrOoqhMyG8EhLdU9mR4g,Wildlife Explained,0,10,8,352,0
animals,UC9Y5xcWty6bzjWkOrAQqvow,Wildlife Explained ,10,129,1,302,0
philosophy,UCSXcaNNDCZjgh1VHUGV5oBQ,Philosophy Explained,3,169,1,877,0
philosophy,UCKILgUKJZ4GG-EIgGTaLp1g,"Philosophy, Explained",1,92,26,97,0
philosophy,UC8O_h8rLqZXO5kiH1SC26oQ,Philosophy simplified,6270,553629,365,518,1
philosophy,UCp1fkZgvafg05wqe1Rc2UlA,Ontology Explained: Philosophy and AI,5500,135692,88,6953,0
philosophy,UCkKApSeoDBCJP8HDin8ZkmQ,Untangle Philosophy | Philosophy Made Simple,2590,214355,98,1773,0
philosophy,UCNW1rjnMMXhyfZ6XXY3RcQQ,Philosophy Explained,2,1634,3,161,0
philosophy,UCBFeGyW1RMD3SMPHlas7Ihw,Masterclass Of Philosophy ,8540,546356,42,387,1
philosophy,UCZa1Ct__mUvYwSI-0-2bbgA,Kaal Philosophy,6640,448284,34,177,1
philosophy,UCkRQB7KWaqUiWgFBIASOKaQ,Greek Philosophy Explained,1,199,4,24,0
philosophy,UC9r9ONCAPcEFKc0DUJJ68jQ,Official Philosophy ,23200,2275887,121,308,1
philosophy,UC5qDet6sa6rODi7t6wfpg8g,InspiringPhilosophy,560000,136383457,1430,5346,0
philosophy,UCY2MTMaynQ3P7LC6yxCRCbw,Philosophy Explained,0,11,1,1065,0
philosophy,UCFo6TP5J9RulUyCWHFzK4rg,Philosophy Explained,16,879,27,392,0
philosophy,UCObSHXEw16npAvLTvX4-HLw,Philosophy with Kanwal Sir,1030,21640,66,425,1
philosophy,UCdArBbLFK0lL6yYlDVx9XIw,Philosophy explained,2,475,2,381,0
philosophy,UC2PA-AKmVpU6NKCGtZq_rKQ,Philosophy Tube,1670000,132422888,385,4807,0
philosophy,UCsREDGnfVpyEmY1JhEWg6qQ,Ali Hassan,60500,3125638,75,1192,1
philosophy,UCtLTzIYZl0AYSuCwYCCUUcA,Philosophy Explained,2,442,17,3026,0
philosophy,UCpAaVBsACXjESbGOYkynjXQ,Sleepy Philosophy,18000,606821,39,328,1
philosophy,UCbnSEQu6XprT-kUM5nVdOBA,Spinoza's philosophy,27400,1907959,96,415,1
philosophy,UCsEddjeHp9Jr85r-ZcUrDyQ,Philosophy Classnotes,116,10892,168,132,0
philosophy,UCH6x4Orsf--pJ4J9h1paWFw,Walden - Philosophy and (Jungian) Psychology ,2290,163201,59,1982,0
philosophy,UCy4pgVseYQNKFcyZuH3huLw,Philosophy Power,11300,759215,53,5929,0
philosophy,UCsKvdCUj9Ve0m2GYqXu6HDw,Philosophy Explained,8,368,4,1187,0
philosophy,UCmXWDmYfCjocfwoMHrm3D6Q,Philosophy Connect,792,4749,34,1571,0
philosophy,UC_TjLwoo-W59neuIY0b5z0A,Philosophy In Hindi ,50400,3059221,100,568,1
philosophy,UCrkBrW5O3UsMVXRnrlVRGeg,Philosophy Explained!,1440,2579581,12,1290,1
philosophy,UCMWc1hOvIwB0maAte_IbrmQ,Philosophy Explained Daily,28,2063,45,6577,0
philosophy,UClepFnDpTP3pLKxVsbLNhDA,Philosophy Vibe,133000,10030249,363,4544,0
philosophy,UC8-IlUbxLbCI4ypAKc2y_xQ,Philosophy Explained,2760,683757,5,5344,0
philosophy,UCgF5fIiT8-26RUP9ptepbpQ,Philosophy explained through the wrong medium,61,10496,79,444,0
philosophy,UCXtu3iJQRFvLnOi9ETQKpUg,Joe Bart Philosophy,878000,70091304,78,541,1
philosophy,UCZ3IcN6YfGXFk2DFGhH9aRg,Philosophy Explained Simply,209,1441,9,2058,0
philosophy,UC1h8EoQlMLP7sZN1yuqHG9A,Philosophy Wisdom,43200,7544301,526,2217,0
philosophy,UC0gHbWz7OyEa-kz429hzx1Q,Sleeping Philosophy,26800,2994830,100,468,1
philosophy,UChxegBvQmb7eJA3BCL26xag,Philosophy Explained,1,4,4,849,0
philosophy,UCsC8MhXyYy3fmKQkyRvSnkQ,Philosophy Explained,3,289,2,1325,0
philosophy,UCPOdzz-sMboPmNivXM98Cew,Philosophy explained,0,5,1,1133,0
philosophy,UCtmInCH1cwYMecpzXqgX1lQ,The Philosophy Guy,4370,300463,133,1110,1
philosophy,UCWLSQ1uCArOKKYlCvxIisxA,Philosophy Explained,311,103309,20,1243,0
philosophy,UCSdrnCXiSW4ODliDUjX6krA,Philosophy Explained,1,68,3,4263,0
philosophy,UCNEAH4q6cs8s6Q7ZkgV6GdQ,Philosophy Explained,3,18,1,1160,0
philosophy,UCxA3ya0zJZbadABlr2AG4UA,Desi Philosopher,311000,16246125,330,1735,0
philosophy,UCIq2xNjGAof0cCUaKbco6HQ,Theory & Philosophy,114000,5172998,977,3853,0
philosophy,UCSky9lA8RS4a6fjuuilFr7w,Philosophical Study,12500,1366919,490,3589,0
philosophy,UCg7I8gb3LrJaL_vcd66rklA,Philosophy Explained,0,11,1,2387,0
philosophy,UCXOqCNP4jUME53HhNEeaHIQ,Philosophy Guru,16100,2060123,71,4550,0
philosophy,UCdNnM1oImRW2fL0stUxwJcg,Philosophy Explained,342,1813,3,220,0
philosophy,UCyF0e1sOAyObmStar_77LUQ,Two Dudes Philosophy,3200,232262,74,941,1
crime,UCFOooYxLaCCT6C1ByvH6xsg,FORENSICS FOR JUSTICE,49,14435,18,155,0
crime,UC8e4QtT5B7_CqXDylcmVj1w,Forensic 360,97,4113,20,545,0
crime,UCDC6vdkMSla5Wsz5034BQfA,True Crime PhD,1850,582966,691,2160,0
crime,UCrPj6DG-0dBqmrLl43A3A5w,US Truecrime Forensics,583,38603,10,42,1
crime,UCWj67epS6mZr5tVcU0AegaQ,The Forensic Tutor,40,1435,16,5987,0
crime,UCx6OV3PFUFBe0v8rFxQY86A,Crime Psychology Lab,167,25138,19,253,0
crime,UCeh64-YS9-WB5YwZGKB_cjg,Crime Lens - True Crime,22100,2870095,98,544,1
crime,UCDCO5x2PvtKqb5gFvgDdY0g,The Death Crime Forensics,6,471,9,110,0
crime,UC81n9u0PYd5ENwvPtwSwFng,Braddock Forensics,318,15082,20,707,0
crime,UC_H96ibXhquf8lTxKc1YSWA,Forensics UK,20,5888,26,285,0
crime,UCCZbmqMCFhpH1nwNAlEUemQ,Forensic Files Daily: True Crime Cases,66,6552,34,139,0
crime,UCSJwzhpklc76AQJQYd0Tfew,CrimeEdge Forensics,36,1359,7,600,0
crime,UCV11lIo12PYQopEIIafgf5A,Youtube's Darkest Videos,2,13,1,593,0
crime,UCCfVHC0-gyTodWOIPayOiVg,True crime Wall,187,19817,32,321,0
crime,UCe1E7Cii79H9wkXG3eupyiA,True Crime Camera,0,0,2,1,0
crime,UC3jdAc2_6OyrQ8l1rRuuH3Q,Crime Forensics,488,40760,10,1205,0
crime,UCRx8l7-Y4i9pKmsHxVozJdA,The Forensic Spectrum,473,0,0,3834,0
crime,UCuXmxpgcJs-osSPJ3cbbOUA,Profiler: True Crime Africa,35000,874984,222,2697,0
crime,UCwwQgT4mCBmZwuRrAZu9M6w,Crimentine,3,185,4,22,0
crime,UCBp03toXz-WZ6gSt7YtSdEg,Hidden True Crime,360000,79662568,1254,2162,0
crime,UCovy6Sg9movhiPxQ_5KYvng,Forensic Abyss ME | Forensic Science & Crime Cases,556,59113,98,222,1
crime,UCwtPVNzZLh6G-f8cJvqOeTQ,True Crime: Deep Dive,4,16,1,96,0
crime,UCqdtXFhkh7FnrkUFtv1UFhQ,True Crime Breakdown,46300,5634550,241,327,1
crime,UCX_ziz_MmQu5m01iONFBaeg,Anatomy of Crime,9,10591,24,185,0
crime,UCLd4Fvq3aiM062mF4twUG4w,True Crime Chronicles Explained,6,142,14,195,0
crime,UCXmVj5NqGTsu3k4HNUv3WYQ,Forensic Investigators,31000,5927822,171,267,1
crime,UCpDHRjbFsghZOiDtazcjZ7w,True Crime Footnotes,21000,1155722,62,503,1
crime,UCz6SnQTu2RaYPq8cp9SEosw,The Forensic Twist,99,607,7,62,0
crime,UCLGi5CQpNBhry4Xxjx28q_Q,Forensic Pulse: Crime to code,69,8941,6,383,0
crime,UCszsXZtnrL6o2fpyLC3E9Pg,forensic crime stories,1,16,3,325,0
crime,UCrhu5YaaiR8YV7oEJ8L_AXQ,Justice with Matt Johnson | True Crime,54700,4443328,98,2636,0
crime,UCp5ZV1FYt00531c2KxOn_sA,TheSilentWalker,5,67,9,9,0
crime,UCZU4FTbN8itqUkaEwvwemxg,True Crime & Forensic Manipur,8340,486269,14,491,1
crime,UCYwVxWpjeKFWwu8TML-Te9A,JCS - Criminal Psychology,5640000,493743680,25,3465,0
crime,UCLh9oC6KiEi02gV-BfZUtYA,Friendly Forensics,1980,254518,24,2505,0
crime,UCM-Rz7ArpKxd3BX57VLdQgA,True Crime Forensic,339,5845,15,984,0
crime,UCtcZjqb3O-Z98E8_1wXX-_Q,Real Crime Psychology,422000,90719012,377,1285,1
crime,UCxvFhm9ssj99YT21gkR33iQ,Forensic Truth Series,3,2043,3,150,0
crime,UCAP-qdm9Uc8O7ntnC0xAqDw,True Crime Forensics,6460,179718,19,7320,0
crime,UCOG70PxtjlbViHci35BXn2g,The Forensic Docket,120,5366,6,47,0
crime,UCj0BSer-zE4nE5rAc5WultA,Forensics Pro,4030,157319,12,2903,0
crime,UCteLiXs6P5fOUe_OqT1VO-w,First Information True Crime,1030,49029,8,186,1
crime,UCs2UoCVpuUb5yw16wIe99hQ,Trace Theory | True Crime Documentary,200,5260,9,5574,0
crime,UCU4BHh9Dwfd7-I_xTZ5037Q,FilmRise True Crime,1550000,678630891,2063,4414,0
crime,UCbnWJmrhmAS3unAPHT3qAPw,Crime & Justice Files,2590,2176358,200,504,1
crime,UCKzaFriyzFYtr-1jrzTGETA,The Dark Forensics,5,261,11,533,0
crime,UCHcW3VKFlU-MJj0vz-zFxEw,CRIME AND FORENSIC SCIENCE,32,789,16,3690,0
crime,UC3m-e-cwJaRPuRJAXZyE2ww,Forensic True Cases,209,16169,28,365,0
crime,UC2jjZkiUVu5uO3X9wf9HerA,Forensic Files,8,344,6,57,0
crime,UCkob1GQYsisDZRa2lHU-ETQ,Real Crime Stories,281,55569,9,162,0
engineering,UCpvwHw3602tNQU7TbrW2l5Q,Machines Explained in Kannada,1,28,1,2820,0
engineering,UC-vk9mcTCm3UiX31H2eWClg,The meaning machine,6,319,5,417,0
engineering,UCL-4ZvamQ4-rdNuF-nrVmdw,Engineering & Machines Explained,76,25225,74,325,0
engineering,UC_e5LWn03tWQIJUyeB4s9QQ,"How It Actually Works

",0,0,2,3,0
engineering,UC9h5vn_YM_fmAcDf05XmN8g,Machines Explained. Fast.,24,65192,4,427,0
engineering,UCNFbYLpr-X5xxak78chQ89Q,Machines Explained in Tamil,83,5467,1,2822,0
engineering,UCdp4_l1vPmpN-gDbUwhaRUQ,Branch Education,2730000,116769838,64,2997,0
engineering,UCQYMhOMi_Cdj1CEAU-fv80A,Neso Academy,3220000,804328382,3038,4382,0
engineering,UCcz-ZxwqZvoGLhUFrnYs4Gw,howitworkshindi,352,145414,23,18,0
engineering,UClRcvogolN9PuJeWc5jNh3Q,Computers Explained,0,9,3,1490,0
engineering,UC1uDdnV1vM3_tZ8pSxvJMCA,Titan Machines explained ,2,681,8,71,0
engineering,UCh-USKZxIghJzDHbngXOuDQ,Machinery Explained,33,2939,5,47,0
engineering,UCK-cWJFjjF7igxbZKH06S9w,MME,429,70545,21,100,0
engineering,UCv6kOVXeQsDDRjzQ8Ma8a0w,Machines Explained,4,1680,1,2822,0
engineering,UCYO_jab_esuFRV4b17AJtAw,3Blue1Brown,8510000,761337529,241,4165,0
engineering,UCR8TaKJa0VcWFz43jTjYNnw,Heavy Machines Explained,295,41168,19,442,0
engineering,UCDD8UU8t8RHnh2YF6OgfyQw,Paper Machines,3,0,2,0,0
engineering,UCJ0-OtVpF0wOKEqT2Z1HEtA,ElectroBOOM,8750000,1418993952,383,6975,0
engineering,UCs_7FQiA6qwMSt_uYnDD7LQ,Giant Machines Explained,87,7161,10,325,0
engineering,UCn12hc1qLjDxyCvBpkV0tLQ,Machines Explained tamil,49,753,11,2080,0
engineering,UC6hRrx1oRREi9FM7zpspi-A,Machinery Explained,521,282481,20,1142,1
engineering,UCmkP178NasnhR3TWQyyP4Gw,How To Mechatronics,731000,63591964,134,5521,0
engineering,UCsXVk37bltHxD1rDPwtNM8Q,Kurzgesagt – In a Nutshell,25400000,3776062207,376,4767,0
engineering,UCjMaLhdazlVOYb1Vbu43k7A,Machine Explained ,28,1676,12,93,0
engineering,UCy9UQv9SaA-fKpqoE1VWjCg,learnchannel,129000,11017030,43,4209,0
engineering,UCGBOwKlvo56CryZd36exjOw,GenTron,4,0,2,0,0
engineering,UC1iZ861dcTsKbnaomq2Ym4Q,Machines Explained in Hindi,267,56220,1,2821,0
engineering,UCUIhP5oXl-RoRawprvaYCHw,"Body, Explained",1,0,1,0,0
engineering,UC1S84UYOx6DRL5t6oyG0TlQ,Blue Collar Industry Explained,4,792,3,2,0
engineering,UCtm0ISskmvln8ffyOoBgjbg,kanika,2,1043,9,19,0
engineering,UCSEokESQqg4jgljfr5KZr_Q,Computers Explained,8,4694,19,605,0
engineering,UCo1Dw_t2hzUFMWXg4s2orSw,Innerworks ,5,0,3,15,0
engineering,UC4g8O1xpruViRzbmqnxh0bA,Mega Machines Explained,6,4,2,127,0
engineering,UC9Pz33J0wjdfdvAZt7cl15Q,Mega Machines Explained,5,8886,7,238,0
engineering,UCfsznjef2zGJnrCRQBXqo6Q,Machine Thinking,368000,22659194,22,3649,0
engineering,UC1t1iV6Bh3BMASe1fi6d-3w,How machines works (inside a factory),0,4,2,517,0
engineering,UCbsfyGlrjrKQC0gbzK0-EiA,Jared Owen,4420000,524975733,119,5950,0
engineering,UCk0fGHsCEzGig-rSzkfCjMw,The Engineering Mindset,4420000,340134886,315,4062,0
engineering,UCPEJ_utCrBe5EDxDjv0R9JQ,Tiny Inside,0,0,2,3,0
engineering,UCXUPKJO5MZQN11PqgIvyuvQ,Andrej Karpathy,1610000,31860534,17,4708,0
engineering,UCHnyfMqiRRG1u-2MsSQLbXA,Veritasium,21000000,4443828399,523,5852,0
engineering,UClkOrvh_5fg78Oi4s8ep1eg,Machines Explained Theory,7,4239,7,6,0
engineering,UCbdEZxHSkVYoHFBAEFUbBJA,Origin Works,4,264,4,3,0
engineering,UCsvqVGtbbyHaMoevxPAq9Fg,Simplilearn,6710000,564084654,12101,6117,0
engineering,UCkTx_2TCfMmMaHtGSL20Plw,Machine Explain,8,219,2,305,0
engineering,UCVI8Mfisni3GaobL1e2JOIQ,Inheritance Machining,580000,66235995,86,1696,0
engineering,UCl_KOmoiha8M_qNYGXUvJoQ,Explaining THE MACHINE,2,572,6,1216,0
engineering,UCK-wdTeptn0pof-7rEKhvIA,Zyrox Explained,2,0,1,2,0
engineering,UCqvaXJ1K3HheTPNjH-KpwXQ,Principles by Ray Dalio,3160000,1118352789,639,7423,0
engineering,UChpRU5MPZg4bI03k1QAJq5A,War Machines Explained,2,18718,26,144,0
kids_learning,UCtbYiZyG_hgzv15UM0UcQyg,Learning Literacy - Kids Reading & Phonics,12800000,3287176956,1739,2254,0
kids_learning,UCncyGeYyv4tYRUeJqBCSHyA,MDC Cartoon & Education,3970,153442,43,2453,0
kids_learning,UCfUsw7fHBmtd3UahC_zD3wQ,kids education animation,6,15,2,923,0
kids_learning,UCxIq2PcDLj62zomtFzlhJTA,Education for Children kids Cartoon ,0,8,3,688,0
kids_learning,UCx3RchaoRFpDpB60x7xRREw,Meekah - Educational Videos for Kids,6110000,5313333511,1270,1611,0
kids_learning,UCaFgNjWWvrP5m57rJh7f9jw,Kids Education & Animated Channel,6,97,29,1051,0
kids_learning,UCf_GT34VB_Wkgl5P2mx3vvQ,Kids Educational Animation,0,48,2,836,0
kids_learning,UChp8olUFEI7K_4f5qEuL94A,Toddler Learning Songs & Cartoons,4100000,4132562163,947,1156,0
kids_learning,UCUKP5xfXjDIbcUoN7O_LwXA,Learn with Dino - Educational Cartoon for Kids,308000,580066581,903,3786,0
kids_learning,UCOQ9yWHYxOS_PtFM3Pd9uCQ,Kids Cartoon Education,12900,1899003,291,1309,1
kids_learning,UCsooa4yRKGN_zEE8iknghZA,TED-Ed,22800000,4656654306,2371,5628,0
kids_learning,UCPKWphKwk_YTGxbsZzQHrdw,kids educational and behaviour cartoon official,58,1398,7,1848,0
kids_learning,UCM2PjSNsP4OF-SGwC8QB76g,Muskan Education With Cartoon,2580,376906,128,3999,0
kids_learning,UClpJYoZob50S4pfegUykPFw,Mikido - Educational Cartoon Videos For Kids,95300,1700563,38,3540,0
kids_learning,UCy29Naj-UVJxoX9v_qdUnzg,kids education learning cartoon,1,4,2,1454,0
kids_learning,UCiZgbni0TShAssmmNVwqglA,Ai Kids,0,0,2,1,0
kids_learning,UCF71NmgOiorTe-03Yqr0hVw,Kids Cartoon and education,204,55845,6,1467,0
kids_learning,UC72kX3cJZap87Tmk0hzzhKg,KIDS CARTOON & EDUCATIONAL VIDEOS CHANNEL,2,9,1,922,0
kids_learning,UCQa-A_r-q5aeE8AV59xRYdA,cartoon education,4260,679718,241,1060,1
kids_learning,UCxoDMG0tvaYO5Xobvtqw5nw,Smile and Learn - English,2340000,752249423,1781,4635,0
kids_learning,UC7GE7u5tmEYL9Lcm0xCnqEA,Cartoon Nest -Learning Tones For Kids,17,0,4,1,0
kids_learning,UCdr_45nR1o2P4ycckLh1xOQ,Kalam Kids - Learning Islam & Arabic for Kids,316000,74310079,51,1263,1
kids_learning,UCK5Q72Uyo73uRPk8PmM2A3w,Genevieve's Playhouse - Learning Videos for Kids,50500000,43004959807,742,3856,0
kids_learning,UCL1vkJUgJzkoqCRsfigOOjw,Kid Cartoon Education,0,1,1,188,0
kids_learning,UCJBRZhORVerY8gu6eP2r8wA,kids education animation ,3,11,1,50,0
kids_learning,UChz5aEi3dfrDVC8-YJsMUDA,T-Series Kids Hut,3700000,1342456601,1794,4569,0
kids_learning,UCgbfG5HoczHIkpzxLYH-8Ww,Pokémon Kids TV,42700000,3229005168,826,2051,0
kids_learning,UC4NALVCmcmL5ntpV0thoH6w,LooLoo Kids - Nursery Rhymes and Children's Songs,62400000,42010263810,993,4375,0
kids_learning,UC-e87qNB1qX9EE_0PPwiNmQ,Education And animation world,178,20812,41,113,0
kids_learning,UCFz3aek6pDn4KuHzLaRlcyg,Kids education cartoon and rhymes ,12,562,4,533,0
kids_learning,UCpVKcH64M0NSHByersZXHPQ,The Animated Schoolhouse - Educational Kids Videos,157,39072,4,552,0
kids_learning,UCpX9lrwBX-MX5O65asKRHzw,Educatoon TV - Animated Educational Video For Kids,184,0,0,3239,0
kids_learning,UCCc1DMB-AcOssKJ7KweLXBg,Videogyan Kids TV - Cartoons & Shows,15500000,11923010393,1424,3624,0
kids_learning,UC5PYHgAzJ1wLEidB58SK6Xw,Blippi - Educational Videos for Kids,27400000,24291519836,1914,4565,0
kids_learning,UCGrGpbYkr9fre1sMhHiLCPQ,Como Kids TV - Cartoon Videos for Kids,2830000,2775825230,1518,2953,0
kids_learning,UCT0X_jBmfKfLBUQOogJUmbQ,PouKidsCamp - Educational Cartoon for Kids,2370,850356,1169,3928,0
kids_learning,UC3m__1kUtugS1TfGEacGpEQ,Cartoon kids for Computer Education,136,680,37,4059,0
kids_learning,UCpYye8D5fFMUPf9nSfgd4bA,BabyBus - Preschool Songs & Learning Cartoons,43900000,36175743614,3114,3666,0
kids_learning,UClamHqwGHtE0f_6rE8cBHfA,Kids Educational Cartoon videos,1,4,8,1208,0
kids_learning,UC7Pq3Ko42YpkCB_Q4E981jw,Kids TV - Nursery Rhymes And Baby Songs,31000000,16495852498,4650,4716,0
kids_learning,UCZ06OITWBB9qhGSmJTt0B5g,Children's animation education ,260,48008,97,5476,0
kids_learning,UC_dpB5SImaseMZpLu8s-r7w,Blippi Wonders - Educational Cartoons for Kids,6850000,4387381340,1103,2220,0
kids_learning,UCBnZ16ahKA2DZ_T5W0FPUXg,ChuChu TV Nursery Rhymes & Kids Songs,98100000,60026978302,1123,4918,0
kids_learning,UCaMi2NB1Ib-R50YAp4j4TcQ,Kids Education Animated,16,1423,3,1608,0
kids_learning,UCxlJ45KjG4XVcQ_hd8j227A,Peekaboo Kidz,7660000,2897711273,1099,4435,0
kids_learning,UC15_4IoM6WnUIwTCmEUavpQ,Kids Cartoon Educational,6,517,34,804,0
kids_learning,UCWXobcyRwRVtXzjZMMRECuQ,Smart Kids World - Animated Educational Stories,4,28,4,5,0
kids_learning,UCXIvAXVdbUDzIFhVwB9RR-g,Sheriff Labrador - Kids Cartoon,10500000,7118096612,1189,1337,0
kids_learning,UC0ZSo_Nq60gZJP-Waareqrw,Sistu VFX,1,453,12,28,0
kids_learning,UCFgzAgpKWflBBfNq-w7HNhQ,education animations ft children,2,38,2,36,0
language,UCJbJ-gXvP-ZhwgmwoEj6oZQ,Learn English with Bible Stories,108,1878,8,392,0
language,UCZ1Oc-ZnlRAQyYY1XsQLd-A,Mia Animation,31200,12473065,253,2526,0
language,UCcodAvIIZt7PEbT4g6oQUuQ,Animated Stories,796000,170723006,830,3452,0
language,UCvWyP-vFhlS1-XENpD6w68A,Stories of the Prophets - Quran Stories,1000000,112099065,322,3463,0
language,UCm2rxausfBPG6B20fYqYeJA,Learn English with Kevin,121000,9525287,536,2267,0
language,UCgJf-ENGyKhcv6NKFFyOfcw,Lucy English,5470,895107,111,914,1
language,UCJsxodKfjSKkGuYgClKKNiw,Rumi English Stories,3990,1349763,13,264,1
language,UClN2xNiyHgZVaFBVi706nkA,English life stories,101000,8455241,252,1197,1
language,UCmFUx7vJnAmbJ_nTHTNCoXA,English Story Academy,323,41762,144,276,0
language,UCFN3F44NUQzkbPn9wgvgsFA,Slow English Stories,5890,1418023,39,125,1
language,UClY6cYhhnzxDp1r9Nn-xwkg,Invite English,117000,11866603,555,1438,1
language,UCIJkopQ5nJC82aoeUPX-rRg,STORIFAI STUDIOS - English Animated Stories,54,790,12,454,0
language,UCJ__lhRyYdf3C1kFMxY6KlA,PunToon Kids - English,324000,124430431,873,2573,0
language,UCYzEMRKqrh01-tauv7MYyVQ,MSA,27100000,13325842921,1032,2753,0
language,UC2h3ErtL1CGFg78yzWsA5CQ,Sunshine English,1330000,113223772,822,2442,0
language,UCadQMnixagbb9u3-n3GZogQ,English Moral Stories,1440,140634,195,340,1
language,UCvPHTfKAURSzIS0aWXaca2A,Fun English with Nora,23300,7513229,505,1106,1
language,UCEcaRr-loeUCvjSX_O9C2eg,English Simple Stories,57800,5026644,278,1345,1
language,UC8tWzyj5hJBCgucb6xb1MUw,Peaceful English Stories,9110,1385485,49,284,1
language,UCRpMxJvaV4YTRZm3KhhvO2g,THE BASE ENGLISH STORIES,5490,1817,4,198,0
language,UCWzyvjBZDgdtTcWolPTQmdA,PunToon Kids Fun & Learn - English,86800,32774879,897,2135,0
language,UCKiLRmYQNPFvXLOWLA2r86Q,JAZZY ENGLISH STORIES,2950,239386,119,367,1
language,UC727sR5ULVpTQRKB1InmLFA,Learn English with Jack and Mia’s Family ,575,54101,32,138,1
language,UCwLNtveogGl2owmB_Ze93pA,Learn English With Stories A2,33500,1287066,80,2734,0
language,UCWTTG3E3FbfwV0Stq_b18fw,Learn English Through Story,38600,1081449,59,736,1
language,UC8mWYDxedkJmUReAiA3ze9w,English Fairy Tales,4410000,1240236828,812,3705,0
language,UC8BzE8H7qoFa60JjaRgmIfg,Animated Stories,742000,179935209,346,3963,0
language,UC7P-Y-UuokEOdN6Nuiyd3qw,Sam English Stories,8,387,13,268,0
language,UCB1UfsLZvgfk_zHnmzO0kBQ,Learn English With Confidence,14800,1255594,259,843,1
language,UCwZWEG25zAEPRgKpvwIjT3A,New Stories Book English,697000,29042756,534,1429,1
language,UCIDYQyBtblPBFzea98f4l0Q,Slow English Stories,17400,1645053,48,209,1
language,UCVSFPHpniGRq8pGC_gdJGxQ,Leo English Stories,65400,10604329,57,209,1
language,UCbtFPxVbTIWsn5wVWO-NcEw,English Cartoon Stories,0,4,1,170,0
language,UC5NBerHf6xPrkKbaSe0Carg,Aakash Animates,7170,592308,201,497,1
language,UCSltv4Gp7mNJwf9jOWixOZA,Ella English,56000,24026625,540,1373,1
language,UCXRPWm72nrs5sK7fNTSXZrw,Little Fox - Kids Stories and Songs,2880000,1006424162,1609,4909,0
language,UCtGTGyRvQegxnvebw9lmTkg,Kiddoo English Learning,581,115408,43,183,1
language,UC9T6h_2S-m3ZPExAGP1ngZw,Grace Daily English,68500,5670241,45,6885,0
language,UCcIIZSOyBI-vNKk8xBpdyMQ,Learn English with Parvi,44900,3552802,571,1115,1
language,UCSaKkJ5sSvYOY3cV8x2zvLA,Learn ENGLISH with Animated Stories - For All Ages,440,177335,371,596,0
language,UCHjtQYDGp39ayQcBclU_18g,Learn English with Cartoon ,0,0,2,0,0
language,UCGfA6UdZEmpIwBZ4btAKkgA,Vooks - Stories and Read Alouds for Kids,1290000,301274152,395,2926,0
language,UCHaHD477h-FeBbVh9Sh7syA,BBC Learning English,10600000,512346392,4410,6615,0
language,UCKgpamMlm872zkGDcBJHYDg,Learn English With TV Series,11700000,256713180,800,3718,0
language,UC-qWJlvaPME3MWvrY-yjXeA,British Council | LearnEnglish Kids,483000,171850096,75,6069,0
language,UCBsH2Z7t51RGmLQQDPvucwg,Window English,150000,8997681,239,944,1
language,UCbxmgUnC-HFcVA5bUoMH-EQ,Simple English,63500,5567069,531,1630,0
survival,UClloxc2RQ9RiOgiQp_0nfjg,Survival Recap TV,100,68217,230,3778,0
survival,UCZKPWvpN1UGSECkPu_8lxgQ,Last Second Survival,25,9282,13,2835,0
survival,UCfcKL4K6mq_qsCKEWgGkoAg,Edge of Survival,6,164,6,142,0
survival,UCsF12fvQsanVMMzb1Ntomxw,Plan B: Survival,318,20926,55,520,0
survival,UCWWHAxhuwBSdZ1EJcQRa5kA,Survival Explained ,369,430885,10,182,0
survival,UCf8KDw1vg9PukitES5XiulA,Survival Science,0,1693,7,127,0
survival,UCZAe2K0wNJnJ7B2V_-meaiw,Survival Scenarios Channel,23,27727,21,431,0
survival,UCkFKDcvdHh3CLxen3aZ4wXg,Survive This Explained,14,1456,7,92,0
survival,UCqmKw8l9cyAba5pKP0JVsPw,Survive First,2,0,3,0,0
survival,UCqa0oEEMzV2hGWU8dXAex1g,Skeleton Survival,1,52,11,147,0
survival,UCabRwT4ECO6DrexH2EEbBHw,Human survival,1,61,2,435,0
survival,UCnET8qaccy9D5ljjLEFxirg,Human Survival Lab,0,10,4,32,0
survival,UC8JfkMtNAp44vmzdtnL4wow,SCP Explained - Story & Animation,2460000,962839605,1811,2214,0
survival,UCIkcfbnucAiL0LNJE_dGCRw,Shehroz Survival Studio,8,5624,11,57,0
survival,UCIOgo9u-f0SW1-jJbGiE9YQ,Shadow Survival,8,2618,6,127,0
survival,UCx5tYeHGjxhaOB53UjiX-Og,Cinema Survival Guide,30,6639,11,247,0
survival,UCo56xsbu-V_t9Ow241O_P3w,The Survival Theory,5690,263046,4,962,0
survival,UCKv9ApWBKw_12RM1YD5QE-w,Survival Explained,1,10,1,141,0
survival,UCIDiZms2Wom8BCni5LTiEOA,SURVIVE PROTOCOL,2,221,11,338,0
survival,UCcPCSyn1tKsSZ4hqKItE1Kg,Survival Secrets,1,3477,12,282,0
survival,UC7s7LbCJMx7KRtUN8K0LLiQ,Designed To Survive,29,4786,23,28,0
survival,UCyOr76eXBmZbtPeGjJ5tHeQ,Survival Blueprint,1,27,2,139,0
survival,UCrOd5b_S6cK6aX80sMpBbiA,Survival for DUMMIES,28,10318,12,2026,0
survival,UCtLQTTIhxKlSfeE3OV5-GJg,Dead Wrong Survival,26,35608,340,121,0
survival,UCZhlnjJSWiebeJ8adCtoRrQ,China Survival Guide,2940,201836,9,192,1
survival,UCN1swz0ArXrqKxcK3FUHBjw,Survival IQ,58,11470,31,334,0
survival,UCJqgXdKo7cs533jUfV-jpDA,Nuke Survival Explained,182,13999,20,290,0
survival,UCGU_cumNBzPWqflaSSPSuZQ,Edge of Survival,1,24,1,181,0
survival,UCMRfPgtkbbGGV_3DOrDfkvA,Survive LAB,3,5,1,35,0
survival,UCdaJKAloAUqWlM8OFLrJZ6Q,Korea Survival Guide,10,59,5,151,0
survival,UCvt94YOmj3e3XagmT7jnojQ,Human Nature Explained🤯,0,0,3,1,0
survival,UCZmqRoqAx-ibzUcibEuf9Qg,Survive This Explained,2,19,2,133,0
survival,UCvACcO6RCyKuxAPLrZXRDOA,    Survival Explained ,0,7,1,29,0
survival,UCfJiCtxxajAd6UK50NySm1Q,Apocalypse Survival,300,35538,27,149,0
survival,UCOAFJx_4FkbeKJR9U_vnCeg,Chances Of Survival,11,5759,10,2535,0
survival,UC50ZNPApGB9NaMb3LpiNXkw,Survival Core,2430,1562833,40,1339,1
survival,UCNRFczm1oxKwDKGujoKKGkA,Silent Survival,4,398,32,107,0
survival,UCXeVS8h1QWkP7YO0Q-SkZkg,Survival Sketch,7,94,6,396,0
survival,UCh_ttuXiI7EHEnaGg2B8lLA,The Survival Tv,25,10332,29,43,0
survival,UC-JcdoQYWaVcW2sobgdWsQA,UNKNOWN SURVIVAL,2,281,4,102,0
survival,UCjuf04-RqSGFlxRvmlSs2aA,Wilderness Survival Guide,247,77014,19,225,0
survival,UCwQ0JL_Ltt9KpUp7OmG1K3A,Survival Story Zone,1850,214911,14,652,1
survival,UCJxHnFKukM7Enqw4gmwEm5Q,True Survival,4,66,12,185,0
survival,UCiMuo7iMVvHpMt6cPrAhCFQ,Survival Files,1,1176,2,4,0
survival,UC2sAny8hk9VtLrE4ylZbGjQ,Sketchy Survival,40900,7103250,187,351,1
survival,UCX0CXzbUqm3uQ_ckQdXxRlw,Sketch Survival,36,43770,5,88,0
survival,UCacsdePuh4GEbZErYCizd4A,Survival.explained,0,4,1,169,0
survival,UCe7WYkK5ZrX19q7iewkGTvQ,Science of Survival,47,3274,20,133,0
survival,UC2IPrQ89-EymgLJ5c3ujBkA,Dark Survival Explained,296,99719,4,659,0
survival,UCvFcxb2Q_f3RhvHPcuWiSuQ,Survival Curriculum,50600,3415147,121,253,1
cars,UCNmgKwY9b4MoE04ZFrIWGVw,Tata Motors Cars,505000,1515063381,5736,2366,0
cars,UCFVyR-mpAbvWNyoRlHqO6cg,GKN Automotive,930,59114,22,2946,0
cars,UCHl8nHPqf-uc9EHiza5r4hw,Automotive Diagnosis: Cars Repair &Training Guides,122000,24374021,440,2365,0
cars,UCVFnXkKyDsTNJr27VG4-3bw,auto car explain,0,233,1,54,0
cars,UC9LtIUegr-PTREF6_Mo__PA,car auto care,4510,1445511,168,1591,0
cars,UCZ9Z2HPWWxaXdHP2SAaAc6A,Car Analysis | Rafael Amaral,213000,54638911,1926,2296,0
cars,UCcgXO04UH_0MM5-cwHTR-Bw,Auto Drive cars ,39,8007,125,542,0
cars,UCAQHQEO4QpI5dXtr3vLoFCg,The Detail Geek,3960000,645912006,1551,3260,0
cars,UCb6IBklcA8pDL_68uUg2dxg,Auto Car,0,3,2,543,0
cars,UCYZd8oZpxoAW3Q0fWVVXnYw,CarJD – Everything You Need to Know About Cars,62,7088,49,257,0
cars,UCNiCxeDE_Q_qUCRSYVqbWug,Auto Explained,7290,467373,181,3577,0
cars,UC0jv9ipS0x-yUW2WymJIytg,Car In Depth 🏁 Automobile & Tech,53,21772,55,192,0
cars,UCA_Ay7Vxe6CPVjKQTNUwHeA,Car auto ,2,121,70,439,0
cars,UCgH5chhbvjpXJ-vebeaQPJg,My Automotive World - You can fix cars,689,44684,173,2682,0
cars,UCB-mfYAd3oJLEkoMxjRAxbg,Cars.co.za,555000,202766036,1478,5761,0
cars,UCAfE7dLcnp3BnuIGbSsFHIg,Auto Insider Cars,356,158328,20,3281,0
cars,UCUD7DtrmLywlOeQMGvdgyUg,CAR EXPLAINED,35,13769,17,615,0
cars,UCEKt2bUDBoRUw3wpPpDOUaA,The Car Care Nut,1790000,330146634,751,2241,0
cars,UCurA3L5qOI0GhIsWe1Ur8ow,Auto Car Line,281,57156,136,367,0
cars,UC9MkdpqU8D6xT1Z9A7dBlKg,Lotus Cars,56900,15385709,237,6411,0
cars,UCDUz1cHTRYPavruT-G4ivcA,Cars Simplified,43100,12791890,417,5527,0
cars,UCaXffS-HMGzS1Kh4h4FL_cQ,future car,0,0,1,1,0
cars,UC21AwZf3A9PV5OO5ZAKuh1A,Auto Edge India,5,84,3,3,0
cars,UCT48pk2qJ5SdW3ApIK84f1w,Auto Cars Hub,5,1101,35,539,0
cars,UC-ET5GeW_B1twfuZuxSYOww,Auto Edge (The Car Doctor),5,1431,35,515,0
cars,UC-ZN6GBe1PqdXFT9F8as5jA,auto car repair all skill,25,3654,12,318,0
cars,UC8pKpQK7cS69lh_pC4nVR_Q,AUTO CARS,1,33,5,828,0
cars,UClqhvGmHcvWL9w3R48t9QXQ,Engineering Explained,4220000,1054292974,1065,5513,0
cars,UCYZ1vdx6_TAv-CnlUE5ZQxg,Car Explained ,226,38235,26,381,0
cars,UCowV4JpzwxnbhMvN2pN_09g,SR bike and car garrage & Automotive finishes,19,1578,5,1967,0
cars,UCCSOpVi5a-WcQbuZI-Df7EQ,CarWale,311000,200431310,2671,6613,0
cars,UCRyh9G2fjWQ7pcfd2gwbTQg,Afto The Entire Auto Solution | Car modification,49400,18015780,1114,2562,0
cars,UCSXOsOIzeJqJb4h0QlimDww,MotorOctane,5260000,3103720553,4155,4959,0
cars,UCqe3UH-ZOCK-VtUDxrgWjXg,Kingly Car - The Global Automotive Industry,6,252,9,1212,0
cars,UCqy-Bg1_2UIAxKjoo_jg86w,Car Help Corner,240000,67448121,617,2188,0
cars,UCkp0XjuPfzLaayw4bS3b_Tg,ET Auto,39400,8498635,2375,4576,0
cars,UCttmkcua1dtect8z0RhCTZw,Cars Explained Differently ,123,55671,4,80,0
cars,UCg0fh5NKq1texA56gCZ6CMQ,Cars Explained,20300,3753404,39,1043,1
cars,UCajprHSveQ7onQCrYH6p9Ig,Karma Automotive,3600,201,2,3955,0
cars,UCTH03chB4PrMBQf6iK7eDCg,How a Car Works,223000,6932556,22,3436,0
cars,UCv5-xxhfzc7OSoiUYc8Vgvw,    Auto Decode,0,0,1,14,0
cars,UCBXejFND7rt0Z8JW_8dGYMg,Car Auto Insider,183,56287,42,540,0
cars,UCes1EvRjcKU4sY_UEavndBw,ChrisFix,11200000,1928976321,413,6572,0
cars,UCEN2nlTINJU-Ycp1EzxuLQw,Auto Cars Play,416,112593,350,526,0
cars,UCErk3MROUXIHKUGfWyxe30A,Farooq Auto Electrician And Car Ac Service ,4150,455960,433,3778,0
cars,UCl3zJhrd5phKX640RV2yZNQ,cacaca | Auto Detail & Car Care,2330,1339386,88,1002,1
cars,UCu_6jnF3y4drawXmySsapmA,TOI Auto ,38200,43542790,1119,2175,0
cars,UCiLYSOEmbH5cVD7aoWbFcoQ,Pepe Explains Cars,5530,515705,13,103,1
cars,UCy-FOeN-HxrFueHB9Jd8saA,V3Cars,660000,174134641,1908,2501,0
cars,UCYlCxkYpdwCmIozec00IHgA,ATP-24-CARS- AUTOMOTIVE TECH PARK🚘😍,17,1531,25,1548,0
food_science,UCkr6thj7-o0BlKVXhNmtbLA,Taste For Food Science at NC State University,22,2649,4,1426,0
food_science,UCcDYDmbLAlC93gYmyzKNOoQ,FOOD SCIENCE EXPLAINED ,17,3891,5,1019,0
food_science,UCm3yS6F6rg5syltJFcjIjFg,Food Scientist,107000,6400427,149,5310,0
food_science,UCzkHGYyOIL5lmEUq5rsk87w,Food Science,1,17,10,37,0
food_science,UCWowi3s4_bclSwJ7gVkJrYw,Food Tech Explained,255,24440,13,3542,0
food_science,UC08UIEAeaEcmV4uvW90qoBA,Swa Education,127000,13163539,1544,3706,0
food_science,UCIllFugXQSo1PcOD2mZgKFQ,Vangala's Food Science,5760,5535834,218,2058,0
food_science,UCtHKbmyejDJwQRYlkapahaw,Food Science Institute at Kansas State University,20,1005,3,3928,0
food_science,UCAOyLb3NcbDgaYfvnRJdtWA,Nutrition Explained,4,166,8,2738,0
food_science,UCvhD3KK6mOrw_yJPmeOgwhw,Favourite Food and Nutrition ,2,66,2,1287,0
food_science,UC9iQrauUtmPvi0w7BX38_pA,Food science with PJ In telugu,2,67,4,297,0
food_science,UCbubBrQnNqi1eEgpZLALHxA,Food Science & Technology,68,2544,19,2208,0
food_science,UCc6M_gdVXoYeVe42BATo_HQ,Food Tech 360,63000,4721862,587,2278,0
food_science,UCH8l61AUOJ77VCavO7X09Kg,science behind food ,36,913,6,58,0
food_science,UCv4lkgYJoQo_kU6__ygaFhg,Bits of FoodScience,17,956,6,349,0
food_science,UChPIyV_W6aYiMDZAebAeEwQ,Food Science Plus (کانال صنایع غذایی),750,235452,154,1673,0
food_science,UCOBmxmWH92jM7o-Nc9fmThw,Food Science World,34500,6631417,153,213,1
food_science,UC0efA_bCPJ4D1XR4gJmAI6w,The Science of Food,0,33,5,129,0
food_science,UCGvLZTLkEfsBWAriSABTb1A, Stephanie Johnson Real Food Science,234,40882,319,847,0
food_science,UCbWTwx22GPH8eMov95F-rTA,Food Science Explained ,90,30116,38,309,0
food_science,UCZeQ0Ey3sEOdBjKBo3fR9HA,Institute of Food Technologists - IFT,5130,535293,586,6320,0
food_science,UC-9kxusdvCMiwBLviP1q1hw,Food Science Made Simple,118,9715,25,282,0
food_science,UC2Z2_uBs_iRSOX2lntky3cw,Food.Explained,9,5718,19,214,0
food_science,UCwXBWkRS1_2S19L4FciKm_Q,Food And Nutrition ,25,377,11,1220,0
food_science,UCI450BnRqgDeg5i67h-IMtw,Food Science Cinema,638,227558,110,1211,1
food_science,UCZzQdpvLbJqxUOTvUwOma4Q,Cook the Science,1260,21027,12,666,1
food_science,UCLBIcGNjeGY6fjSzBgeSJxw,Nutrition Explained,24,12075,14,50,0
food_science,UC5ssXkdxEILvNYxI2zJZghw,Simplified Food Science,720,36156,15,3447,0
food_science,UCIeclg1FR6DQjp8WEmQqlyA,Food Science Explained,2,1514,1,378,0
food_science,UC4AguKwAujxlBzqwz5oYk4g,The Food Science Hub,64,4262,24,4924,0
food_science,UC_dd0cOcMst-5MffvvIIiWw,FOOD TECHNOLOGY,157,2192,33,91,0
food_science,UCRzqYRN23caQ-top1IIthrw,Food Science and Technology,2580,122848,66,1783,0
food_science,UC1kGDZ_JBKmvNwXc397cFow,Food Feeds,1640,48961,102,1568,0
food_science,UClD6Lp9W9T74JH2Ng8937MQ,Global Food Regulatory Science Society,1120,65898,792,1864,0
food_science,UCACU6FM4RgOgX0IHB7dudFA,Science and fun,9640000,7708285667,884,4781,0
food_science,UCv4rAGty_0myUd3Wda-2xUA,Food science,15,0,0,2406,0
food_science,UCsb26ITnYA28h6FebnuzcWA,Abbey the Food Scientist,157000,4014106,290,2363,0
food_science,UCkssayDBZXWJs56bGlGQBpQ,Food Science Tutorials,502,43502,15,2129,0
food_science,UC-YciVCZRGkPJK6svywdGPA,Food Science,51,3848,3,1399,0
food_science,UCayCdNihczgaiCm1ykoXDhA,Food Science Universe- FSU PVT LTD,8460,513566,438,5127,0
food_science,UCq7Uf9tVuh12YesQajazdtw,Easy Food Sci & Tech,87,4049,20,2447,0
food_science,UCLyJ-6AQM1aVM40WAh_oe0g,Food Science for Life,41,4866,13,234,0
food_science,UCeAf5O6lpac-r0QP5BOcVmQ,Food Decoded ,33,16943,34,223,0
food_science,UCZ904zTDZXpOzNpqc8g9p_A,food science 🧪,4,166,7,421,0
food_science,UCjDMuGtS8jVlknseldP-aTQ,Food Science Lab ,0,27,8,60,0
food_science,UCLsyhqpEVFh0F9AeJGeINRQ,Smart Food Science,910,176898,43,357,1
food_science,UCDyF8_wGaZ4T0tAUCYpR0gw,"BSc Food, Nutrition & Dietetics.",117,2053,25,4067,0
food_science,UC9wwUJa5i8sPUSVPA369CGA,Food Impact Science,27,11629,11,235,0
food_science,UCz5bMRS6CDnmirp3G143ckg,FOODSCIENCE-TECHNOLOGY ,260,24265,90,713,0
food_science,UCwMyREgtn650b6Uc1AhWGHA,Tech behind Food,4250,384062,62,2207,0
ocean,UCHnxVFJyDITPjfwog4WDzYg,Mr. Science Secrets,0,26,7,692,0
ocean,UCKq4k3N4dWf6GV9BIACwopw,Deep Sea Breathless,0,535,9,79,0
ocean,UCKcGE1YyhOH1Ilt0p245rNA,Ocean Leviathan,2,1277,2,248,0
ocean,UCo3Gay-oJFZwWicjQIshjHQ,Weird Nature Explained ,375,58149,9,64,0
ocean,UCknwtM-7GXT5soPIsBlLLFg,Ocean Zoom,30,41322,38,245,0
ocean,UC415bOPUcGSamy543abLmRA,Cleo Abram,8470000,2998231850,597,5384,0
ocean,UC115-4wAQJQZjq9_piCnuEA,Oceanmentary,48,27073,33,945,0
ocean,UCn7WBZICOj7GnvC4xjTB-PQ,Lumos Explained,6270,428361,52,397,1
ocean,UC5tf8vfq1EmJLhicWCAtmyQ,White Leaf,5,1067,2,759,0
ocean,UC6MtcTu0sUo5YFuUozLXM2A,Learn Wildlife mystery,42,6764,17,70,0
ocean,UCHnGYXrINOR0J6Rv1DszKpw,Clipzzz177?..,9,8479,9,466,0
ocean,UCzR2tWudohhoPTAGk7hpp-Q,DeepTruth.,1,315,2,109,0
ocean,UCV3cRKQxZhT0DeDxUs_lfQg, Deep Sea Slumber,47,10184,22,4899,0
ocean,UCs5XIK7zFiLlRlmUl-nhoiA,InfiniteWild Facts,19,5317,14,12,0
ocean,UCEVvmKYnozAFduR20ytTYSA,Deep Pulse Explained,43,3617,52,2353,0
ocean,UC3_H98ZINzMGlNOT_jg1HDw,OceanX,609000,189194340,610,3198,0
ocean,UCzXpJub6qs5O8OT-xYgiIOA,DeepseaOddities,323000,42689367,285,4353,0
ocean,UCHXF5WLVtArKwFkCbGJkGIw,OceanBingo,5,193,8,229,0
ocean,UCZaERrz1Qv2g8bbuwGKOBrw,Deep Explained,5,236,1,618,0
ocean,UC-8Iud9gDTEmMOEhYHap1SA,Core Animal Facts,7,1439,4,64,0
ocean,UC5hxA0oLaqpP9VD7GdP3NWQ,Science Hidden Files ,1550,777120,24,144,1
ocean,UC8ag1kh5Sar9hMdPaJat_5w,WTF Facts Daily,78,38765,37,274,0
ocean,UCay-zySslOYF6Tlj3ZiX0FQ,Cryptid Files,0,36,1,3,0
ocean,UCpPJU-8IxkanUHmCvKb2BkA,BeyondTheKnown101,6,28,1,73,0
ocean,UC3mIAAgcpcENyl1S-qh97zQ,The Deep Analysis,81,25526,14,79,0
ocean,UC9GXHFcXtPOfFSFZgHsg2Aw,Deep Bible Stories,672000,74059972,255,4382,0
ocean,UCX4q4hcvxBOwSsCM9Ry9y0A,Hindi Science Fact ,22100,5761547,139,429,1
ocean,UClo5iuOXL99eJB_LGvtX-Yw,Deep Sea Enigmas,36,199,6,2185,0
ocean,UCXLLQkbYE-G9jYrra7R4Qsw,Octonauts,2050000,2436421803,1907,4194,0
ocean,UC5Nb0bB8Z1lBatcTqJdTLYA,Ocean Nightmares,6,1157,5,132,0
ocean,UCflLXCMNPbeMdhBYU4nf50A,Deep Explained,6170,804951,21,85,1
ocean,UChx9o9Wr_Z_sSbxRuofiOUw,Deep Ocean Mystery,10,2022,39,236,0
ocean,UCM5bSVMsOhj6D6kxBCdySTg,WildMysterX,28,24229,32,87,0
ocean,UCyrxJ7Gc13Rd1zR6XPBB31g,Curioxze,84,11013,10,373,0
ocean,UC0fr-OZ8tUusW1cpMCxGo1Q,Knowledge Vault,80,15258,29,53,0
ocean,UCLmX00mwNrTYR8lqXQMhbAw,Reef Brief,3,157,3,1045,0
ocean,UCdFaWN7LfnkBW5sl7LSewFA,The Deep Wilds,54,10839,12,182,0
ocean,UCByNmGOO4Jv66CKT_DEtVcw,Deep Explanation,1,25,3,1041,0
ocean,UCzHd9nTEh-qCRHFaP5YoxZA,Animal Files,64,18928,32,82,0
ocean,UCve8lGAM_9x15YgZVXeqU6w,Animal Lover Planet,1,264,39,548,0
ocean,UCSlWcX9KAxIqsvnoYwIpWOA,Here Why yt,2,60,2,158,0
ocean,UCILQQCPsGZcnHLlzleLLDkw,Deep Sea Explained,26,9723,15,225,0
ocean,UCd3ge8KvRbKRlBqTLGK_Uhg,Amazing Facts Hub,28,8359,29,45,0
ocean,UCMWIrbiK0-RH_0dkzPqi2bQ,NovaMystHQ ,10,3909,16,15,0
ocean,UCaoT-6hNy-fe9SEgeb2Vmlw,CartyTV,0,0,4,3,0
ocean,UCXK7nDvYZeUfDlINZkBO_MQ,Tracing Realm,0,193,1,207,0
ocean,UCDyfIwqjw2zSB-ZkUs6Yidw,Shary K – Reacts,37,0,1,511,0
ocean,UCm9WpPVYd-oOB81JkA_FbFA,KesitKareFilm,14,2863,15,8,0
art,UC-PU_3_rZquXxQ_ZRXLjAOQ,Lillian Gray Art and Art History,7900,865075,137,3383,0
art,UCSWdtggn4s1uG92diBbtZng,Frankie Fey,455000,28336502,45,3437,0
art,UCY6sxs6txl_dnSK5MfNB-3g,Modern Art Explained,70,20193,36,524,0
art,UCD0yYUsx9vpuhu2dkk8_a9w,Art History with Travis Lee Clark,53900,1958888,97,4351,0
art,UCzsugJ1987kccEbCoGMcf0g,Art History TV | Original Art Documentary Series,1030,200349,59,2045,0
art,UCuxBWHmGEdmGX1utApN19ug,Paintings Explained ,1550,648462,84,73,1
art,UClUA1p4Cyzz2IMJoXCQu6eQ,Art History School,208000,10094815,69,4556,0
art,UCYEIfebZwFvjGbi2ybsJF9A,Art History 101,24300,2801012,1434,3696,0
art,UC52aK_hMKc7A4FU_r1dxJPA,Art History Hindi,12,1191,13,267,0
art,UCqTHx0ObkFZ97KO2SWUuz9w,Shawn Grenier | The Canvas,578000,33673641,244,2983,0
art,UCWw7dAYS7jIm1A_cyH5GGHQ,Art History by Rupam ,21,1946,7,26,0
art,UCM-3ayB6HFZDFvWBIbAJK8A,Art Explained,215000,83790,91,3263,0
art,UCZp8zGMGZhEs8MUFn9eAynA,Art History Story Time,10100,395530,55,4693,0
art,UCZQTVQgqcq14A8osvpUYY1g,The Art Anatomy,182,35167,17,544,0
art,UCxXUhZJvHjOT1eBrggp1VfQ,The Art Explained,0,5,7,39,0
art,UC_4cXM1HRHQSZru7TwWX3lA,Art History with Kate Chase,356,23292,68,1001,0
art,UCKY3b4yMf1lSUQ_9aNRJAaA,Art Uncovered,3420,1085026,53,64,1
art,UCX8fJP9bDEXQ2UNf1sUWhhQ,Painting Explained,15100,7878949,26,2638,0
art,UCZ3hcGoYGPLv5S_RFjCBBQg,ARtHistory,28300,1201397,68,2297,0
art,UCdK83OO4mG8wz4jylrZObOg,Painting Explained,997,356443,31,779,1
art,UCzrJ4JvglY_E6Rmb22z1X6w,Stroke and Soul,15,939,6,30,0
art,UCqQtvJhuczdEpOFNb0YggHA,Art Revealed,17,6861,31,327,0
art,UCbHZlpq-OPGxZPvwEVD-QAA,Art History,67,37401,106,223,0
art,UCfHTVhEoQcc8-DqSvTVrxDg,Art Explained | العربية,18300,4822452,66,62,1
art,UCxz_m-eh5BVAOu3-L_IEbnA,History Through Art,5,77,1,238,0
art,UCkw2Y1aiA37WqVCi8GbYTjw,Painting Explanation ,0,2,2,49,0
art,UCN8V_pO0xOFKLL4XG1tshnw,Perspective,520000,108237727,528,2316,0
art,UCBlYb20f82i7RFHEl7wqQ4g,Art History Girl,3850,239902,26,5373,0
art,UC9rsHbQTZGD6zVImSzjw7ew,Art History & Culture,29,8067,12,35,0
art,UCAc-LFdhG8elbCCHvWjBxlw,"Art, Joy, and History",8200,16557994,105,434,1
art,UCrHdxBskjEW123d-jC1b5pw,ARTS EXPLAINED,5,980,4,2038,0
art,UC7GBwCxSPKsN4W13OgOe9sg,"Art History Explained, with Chris Karr",7,393,3,4954,0
art,UCD84SBXxSKlEf5Slb7AEwGA,Fleet's AP Art History,13500,1293241,59,5156,0
art,UCKK7d5tdhiUy3Zmloiua8oQ,FINE ART EXPLAINED,994,115340,18,1332,1
art,UC3R-xanNgtoa8b7gpVexVlA,Smarthistory,372000,95806181,1462,6311,0
art,UC8yNHb12ZRSwYr-3AhYa1iA,Artevist,8,9467,9,281,0
art,UCZNStI0lZrdJtQed7h8Ha5Q,Narrative Art History,23200,788662,17,1284,1
art,UCANp2YejdjMHJ4rIuce93oA,History by Mae,1870000,2905622167,981,857,0
art,UCW5HvSYsqs3y83DP1ovvF3A,PaintingsUnlocked,86,88842,20,44,0
art,UCGq7ApSypsAdUMTvp1pOx_Q,Story Behind the Art,16,7812,5,146,0
art,UCncozhn8sucJkgEivrp3uTg,Art Explained,167,33596,14,3549,0
art,UCc-Ry6S2Crsr3NLTmjmGvGA,Painting explained ,2,93,3,64,0
art,UC4agw5e3OBtb76dxr02XufA,Painting Story,24,33362,20,467,0
art,UCy9GRpSuLiNjwmmPwTs0Bow,Paintings Explained,364,183213,66,113,0
art,UCERNaxvBhjPUxKth0do1f1A,Straight From The Art,413,45982,28,362,0
art,UCHH2vhhi45Ar3fOl7SmUvnA,Art Deco,511000,51859124,65,2390,0
art,UCs4mRAiIBYBPf5HazqTuUmw,Art Demystified,15,15285,13,139,0
art,UCEgv2Yegp0egKBiFvwKf2zA,Paintings Story,255,161876,32,88,0
aviation,UCZrG9L1V46qzet1UWsuG64Q,The Aviation Files ,15800,13344117,29,91,1
aviation,UCFofTDnibDbYWYxEjQdFzZw,Aviation 101 With Laura,15000,1872418,462,7328,0
aviation,UCdFCoHlgo0eepE50BiWA7DA,Aviation Briefing,11600,24472851,63,379,1
aviation,UCeIbI1DrcHCWSMKV0Bzy9xw,Aircraft Design Toolbox,20600,1058413,42,787,1
aviation,UCTbEtmAsXnsLTQ823rMl1LQ,Everything Aviation,4310,453540,14,2219,0
aviation,UC26SMqZS2zTLiAGmovNB62Q,Aviation Explained ,0,12,2,787,0
aviation,UCQQiToAUzYWQl8eGjq-8_gw,Aviation Uncovered,3,623,9,2811,0
aviation,UCm64eitQ4ZRTJ-6LPH5RnFg,Stig Aviation,142000,19318196,175,1988,0
aviation,UCMCIeVFsT8TIwLcyBc_Vv4w,Aviation Minutes,1730,1865328,135,212,1
aviation,UCi2yEB9SqMV971pz8sDaKXw,The Aviation Hub,38,13923,36,21,0
aviation,UC_v69VbzRvzimBLhLcGXkuQ,5 Minutes Aviation,1740,212494,163,907,1
aviation,UCEMPLMP4E-Zg8vqwijc1WLA,Jet Explained,27200,17066376,46,1190,1
aviation,UCvr9KT20TpS9zfgtAQbrUGA,Aviation Aircraft,57,31724,33,4227,0
aviation,UCBeZYVlqOeSSlrBSXl4aTig,Pilot Debrief,1030000,735029706,289,1351,1
aviation,UCw5OKBNC_ug9vpRvu4Lm1CA,Aviation Nerd 🤓,21200,13402015,586,1102,1
aviation,UCIuZP5f233A2xyNmkAQLT2Q,Aviation History,2,449,7,22,0
aviation,UChWpIv8uHUNNn-j6U7KbpNw,How Aviation Works,47,336,9,699,0
aviation,UCpM4zrZ9c_apiEj6CApj2yw,Found And Explained,876000,274237702,390,2357,0
aviation,UC_ChdwB3-d8CfWi53A3vbGA,Air Crash Investigation,237000,32837060,43,1072,1
aviation,UCreL3-VVqFwHquQNM-4Pa0Q,Planes and Aviation,32,6714,10,180,0
aviation,UCtoxRd-13MOtojKSsxfOh9A,Aviation Simplified,8,506,4,168,0
aviation,UCIJJpvIbuRV1yRoH-tMHBeg,Aviation Decoded,5,1077,27,20,0
aviation,UC9m6460HrlW7269a1pnmgOA,Aviation Explained,6450,870010,30,708,1
aviation,UCWldwrYbWFAeBRoLjyM56Jw,Commercial Aviation Training,2180,112218,90,420,1
aviation,UC0QXWw0OiMnagIhdBn_fVPg,Smithsonian Channel Aviation Nation,662000,376266128,505,2112,0
aviation,UCeRxxz9ByOqdd8A-0iF_Idg,Mayday: Air Disaster,1090000,432398416,1421,2017,0
aviation,UCwpHKudUkP5tNgmMdexB3ow,Mentour Pilot,2460000,592459020,791,4164,0
aviation,UCD0vqYYrwvVRO38f-POIs_g,Easy Aviation,2110,1059984,335,829,1
aviation,UCeWSC2bsiaK82KqGrXPk8Kw,CaptEssar Aviation Academy,2980,348785,207,5318,0
aviation,UCCLrraeAaRbAi91qZgirbHA,The Aviation Encyclopedia,22,6643,10,209,0
aviation,UCX_lWqW9P7-p46DUri3tX9w,Aviation Analysis,851,42008,34,855,1
aviation,UCds3lTylNQCmx52RLxWHDVw,Take Flight Aviation,1890,1409627,1360,2247,0
aviation,UCfuSZ9WwBDlTy9Uc6t-tHwA,Aviation knowledge,15000,648789,63,2167,0
aviation,UCT2-gEXx2J58eKHIYjSztgg,Fly With Aviation ,4,423,10,36,0
aviation,UCK80Akz-r4Ec5cGao-lZ9Xg,FLIGHT LAB(aviation explained),18,5210,22,266,0
aviation,UCYE9kPttIDbjYICr-tYCuOA,IAI explains complex aviation investigations,8790,332327,35,866,1
aviation,UCMOQkZ0IMq1qb2XTC_yLlEQ,Plane Curious,77600,16572302,144,488,1
aviation,UCfz1PX_OTrVCKVgJRkoOYBw,Aviation Explained,3020,651276,20,127,1
aviation,UCTajKCUv8W2COlpwOlBFfHw,Dynasty Aviation,625,328498,222,1706,0
aviation,UCjHdGNtcbuSaJElfSjOeyRQ,VayuSa Aviation ,231,3524238,59,1231,0
aviation,UCHt_MOk-83BcfKE7fphiDvw,Aviation 2304,4350,153101,104,2121,0
aviation,UCpX0cr-cmika_Jg27U4nULw,Andrey Borisevich About Aviation,24200,2002403,53,1896,0
aviation,UC3x1YXps_WpkmKKazcMc3jA,Aviation Explained,1,385,4,98,0
aviation,UC7qq0cZVXUbyWvKLVRbPtIA,Aviation Theory,91600,5701887,56,1989,0
aviation,UCwq3dMHzgD1ICZY2n1KW9JA,Aviation Explained,0,157,2,130,0
aviation,UCatxPOzHkLml0obIp1OqnnA,Top 10 Aviation,36900,6857418,106,2249,0
aviation,UCZmx-qOXbzf-QfnIzqwcK_A,All About Aviation,234,134477,49,2174,0
aviation,UCfCNU6LWB66VR48V58d2KOg,Green Dot Aviation,603000,119209940,98,1755,0
aviation,UCjkK4jcHvEg0ON2xVlGrbDg,JET STANDARD - Aviation,29700,14698220,36,220,1
aviation,UC3h7MXNX-lS3dTR70mAnpEw,Aviation Factz,1960,15768,32,223,1
architecture,UCRHjxKLI-jq3QvjazMb_qWQ,WikiArquitectura,4480,349026,104,4753,0
architecture,UCrzcJ3DH49sZP4hh5M-4LOA,| The Essence of Architecture |,11,348,19,1437,0
architecture,UC30qUuC4FGTC_ixIk3VTtJA,Architecture Lesson,2410,85466,47,2279,0
architecture,UCmiV-SugkntY0SozGNzXuNw,Dissect Architecture,1700,201078,89,2546,0
architecture,UCGR2ARGee1yq6SkZiaF5OWg,Atlas of Architecture,28,1688,3,339,0
architecture,UCb_Icg66MxJptyUBxPkjTgQ,Architecture Knowledge Centre,636,22995,14,387,1
architecture,UCapzEjUWyv7H4GtPQrgybTQ,Balkan Architect,779000,102462456,1378,3553,0
architecture,UCdUGbVqhvhiOpwT4PhOcc3A,A for Architecture,1360,64632,6,394,1
architecture,UCf8b3rQ3whg50AyebKUDMzg,Architecture & Planning Exams Preparation ADDA,834,61442,148,1116,1
architecture,UCB7XimFURxW4dM7p8uKk2fA,4site architects,1720,175484,24,3445,0
architecture,UCSMCpQ7iS_1Kb_UvNIQbOKQ,ARCHITECTURE EXPLAINED,12,6605,8,227,0
architecture,UCJPWOj0yhaYoT9cC0KFIihQ,One Minute Architecture,6270,309953,114,4277,0
architecture,UCqm7y09eVSJkFICHNpQqaBA,ArchitectureTV,25000,1179632,103,2031,0
architecture,UCjtCYE9XRBLqT9VONlt_L8w,All about Architecture ,6,1433,5,487,0
architecture,UCkLgBbcoOKl6Yh35pOZRYUg,c.w.architects,352,11702,29,2167,0
architecture,UCyFBJKHhgPlowIebUstz58A,TRIKON ARCHITECTS,1930,176754,98,3721,0
architecture,UC4pSJqIAudvQlx_cPqgVM9A,tHE gRID Architects Research and Design Studio,38500,484838,45,2351,0
architecture,UCUh_tK4uuUWAzJ_OkdsgzXA,A to F in Architecture,10,4008,21,372,0
architecture,UC3UmVFndUEuS86rDaFAiVzQ,Architecture Zone,8,182,1,90,0
architecture,UCvwQc9UF0tHGGln7TtaHgIw,Jay Jung Architect Inc. ,1290,85059,58,5401,0
architecture,UCMmoSxi4-rLVKi-E3qFy9IA,Passive House School with Anton,2060,122506,30,1218,1
architecture,UCsMtgr38wPby5SAEw88ISMQ,Architect of the Capitol,22900,7068324,95,5881,0
architecture,UCxDxA3ke1qb0SQCUiTQdMHw,Hudhud Architecture,1070,472074,184,1847,0
architecture,UCc_ji0t5u4fjgAqcO0WOh7Q,Architecture & Interior Design Basics,20,2597,9,2169,0
architecture,UCTsi_gu29mXv9ZIA2pvyfzw,Architecture Explained,192,44058,6,3445,0
architecture,UCa74Z8s4tpDP8tEH_pI1A7w,History of Architecture Archive,4,875,23,185,0
architecture,UCMIGs_-XyNYC-lCDe8stlhQ,9 yards architecture,2620,124691,8,4608,0
architecture,UCpv2CIcjCwnIZJ002f2n5kA,architecture basics ,5,1855,2,311,0
architecture,UCu59CqKvV1_P3o2-c67yrHw,Architecture Amy,2620,364573,234,750,1
architecture,UCYOdyBhrS0gnsczydI1COQQ,architecture explained ,6,566,7,912,0
architecture,UC3TmLmlCLjJ7IBvYJQC1EnA,Architecture Attack,7060,609329,138,2223,0
architecture,UCYAm24PkejQR2xMgJgn7xwg,Stewart Hicks,700000,101354115,161,7013,0
architecture,UCH3JQjxgsC0nwWfkn5YySuw,Architecture Atlas,20,1339,30,23,0
architecture,UC-5QOiG5MNwZNvMUESgthhg,Global Techniques Of Architecture,6330,376658,135,3007,0
architecture,UC8kmK7NIn7MY5xZFxDA5oGw,Surviving Architecture,320000,15772909,208,3359,0
architecture,UCnTfZCwxP_VDx_NSyNLugaQ,Architecture Basics,517,37906,31,6739,0
architecture,UCypU5b3aNT2nIYTZ3sgW0Nw,Courseasy Architecture,0,22,10,90,0
architecture,UCPkRLk3Lfak0Xaj8d8d8DEA,History and Theory of Architecture,1660,126714,133,5455,0
architecture,UCRAlJK92HX_ZencjlnTUrwQ,All Eyes on Architecture ,11,1113,11,5407,0
architecture,UC7p8asnpomjWSHz6nyj3Sig,Architecture Skills,27900,2259448,188,6597,0
architecture,UCjohqy-276rXfX24CNstATQ,Architecture Explained,22,1601,6,946,0
architecture,UCFnEuwHG8EDDsx8h5wrLiAA,Dr. Mahtab | Architecture & Design,232,33642,66,325,0
architecture,UCUKqYy7WmbxRNcOhkQJUsBQ,MG Architects,41,12514,40,2686,0
architecture,UCwqzrT-1rgeT8uq6Y0Us62Q,Plan Architecture,218,20673,52,1112,0
architecture,UCurpx9p-ZGuzTwg5IakZdPg,Onebulb Architecture Studio,5380,316217,22,1624,0
architecture,UCr4QZ-X0WhwrwMc7VUMsg3A,Architectural Journey,2710,92416,9,912,1
architecture,UCL2e_yPs0IN60XWmURjHdqA,Arcmax Architects,14100,2217302,431,3696,0
architecture,UChJ-YB-1jKYAOeIkaIwZfuA,Architecture Opinion,61500,6350641,742,2196,0
architecture,UCSaudXqrC1mi2pqSUdJVjsQ,Masterworks of Architecture,41,4186,10,411,0
architecture,UCEhcdKPHkPzlvEfPVyYSirw,Everything Architecture,1940,239024,249,1559,0
math,UCHrvS2SPouyKG2OKUqh6N_w,Mathematics Analysis,2600000,409350743,7681,3434,0
math,UCUTNDmdpwVait-fg2Nv2ajQ,The daily Dose of Mathematics,1170,151761,1204,4376,0
math,UCioAjXocj5EAqZ7FFVYFtaA,Indian Mathematical Class,110,2863,33,2887,0
math,UCQLu9FjXUJvejkRwAbD82uw,Fantasy Mathematics,217000,2498014,225,1185,1
math,UCT9Fyqn0izh-wX-wDzKBwAA,Mathematical Visual Proofs,254000,62895405,616,1954,0
math,UCKo9qYvg8ELZOXzXEG6Ft6A,NEW TRACK MATHEMATICS VIDEO,6090,617206,1401,2207,0
math,UCbqolwb-nsMbrGEmBKS_9VQ,Mathematics with Hiten kanani,246,6717,37,1890,0
math,UCZgHOeJBfMKOZ5PMlZysy8Q,Harvard Mathematics Department,77900,3812101,195,4232,0
math,UCzgkUjXORhv7cHzEmVgSB5w,Vikas Guru mathematics analysis•90k views• 1hrs,8590,1673948,2351,2865,0
math,UC5Jir-ThDy574QE0EmXaAoQ,Visualizing Mathematics,65,14448,13,208,0
math,UCHM3UZQczPkkbGcyXLrbDBA,Mathematics Visually Explained,25,1198,4,2172,0
math,UCJtBQJWk6gHyFmSekTNR6Jg,Rajendra Concept of Mathematics,5170,660126,759,2217,0
math,UCcdlZGFCT-pJv3-SQwAQ-5Q,Mathematics Class VII,1420000,184428161,790,3200,0
math,UCL3mWFC5bcO1U8cYnZbIW0A,Mathematics MadeEasy,212,6241,205,4096,0
math,UCt3Y7vIGD7biDU44nfW5cWw,Mathematical Tactics,271,34046,29,1219,0
math,UCQEiEoIboTXodBToo_Y3wJA,Exponential Mathematics,7070,894186,490,2266,0
math,UChPErknCSh-qsp9aO5Dqh4w,Check yourself. Physics.Mathematics,1150,89289,182,1197,1
math,UCHG9DJeXkOfCVoW2rJOw6qA,Mr. Mathematics,3520,237307,295,3105,0
math,UCkO6HhYJXvglTyer4QjZf_w,Visual Mathematics,25,6737,11,555,0
math,UCLnGGRG__uGSPLBLzyhg8dQ,Oxford Mathematics,734000,75379311,583,4514,0
math,UCxjneouAILdoo6eXEG49AiQ,Mathematical Visualization,259,1581,5,3908,0
math,UC87DKIznJAqqG-rSt-DSgfA,Mathematics Infinity,5040,938203,399,2952,0
math,UCtBtcQJ8_jsrjPzb8i1tOsA,Mashup Math,199000,37937008,156,4180,0
math,UCnIWt-gbWdAiZAV5xi9Zf9w,mathematical analysis ,0,0,2,5,0
math,UCc0mgUbWeVc_lNmMnawiv4g,Viral Maths ,572000,50277975,227,1328,1
math,UCuDg-ezFuAfjlHWsoTlZMVw,The Hidden Library of Mathematics,6800,186327,603,1929,0
math,UC9-GK3UiETkWRdNWO3kKDcA,Mathematical Pathshala IIT-JAM/CSIR-NET/GATE,44200,4501732,1520,3899,0
math,UCakE9NFBpuVvMgkzIF2dABw,Bhanzu,350000,26875022,702,2249,0
math,UC_jLqERqlULluiHG7KLjtSw,Mathematics With Sam,2790,112544,126,1133,1
math,UCCaBApx1_1sDLuOMAwLVGIQ,H.D. MATHEMATICS,120000,17924732,2496,4297,0
math,UCIQOlaAXd4XHnHd8B0-ARfA,BASICally MATHEMATICS (MJ Classes),17,615,10,120,0
math,UC2GmakTWLt-oFBZaPm7jF0g,Newlex Mathematics ,162,4837,48,1501,0
math,UCoHhuummRZaIVX7bD4t2czg,Professor Leonard,1200000,96406519,1212,5463,0
math,UCemOQV6MNv8bXygIu7uwV0A,Why Math ,2,141,3,9,0
math,UCY-ywrKyfsSFF1tILNH1pNA,Math with Mr. J,1960000,329142732,1573,3101,0
math,UCZDrsuFdnAVYsIJvYdDm6_g,Department of Mathematics [LK] ,38,4881,32,117,0
math,UCoTo2gtN527CXhe7jbP6hUg,Visually Explained,83300,4565132,31,4717,0
math,UCpKKbShiV_ZwhMsZxYCJgSA,Mathematics Brain 1M,961,500766,1695,1025,0
math,UCevEKNdw7dxfcwN1IsYKq2Q,Syal Mathematics,58500,9754940,1399,2366,0
math,UCM6s-ctN0kZYqDF5R7-XgjQ,Mathematics Analysis Sujeet sir ,35,2357,140,222,0
math,UC0dICOO1OjU6TAr5LCnyTew,The Mathematics Lab,148,440,2,376,0
math,UCA64cNuj60G3TZ4xbWTsyfQ,Rebuilding Mathematics,220,3514,14,515,0
math,UCUSxTCklIRJJhQGtKiDwJrQ,Mathematics Analysis Class 10,2660,104165,239,372,1
math,UCXRmNJ0ptXqKjVLL10sKdIw,Mathematical Adventures,16100,758603,530,2011,0
math,UCMXjU1rgAubknkA7u-WfDhQ,Math Animated,0,34,2,6,0
math,UCFb7U2SABz8D6dR4UFCVilw,All About Mathematics - Nitin Goyal,105000,15995290,1682,5430,0
math,UCokuhoh5N_B0ZxHcEU_EWbQ,Math with Professor V,71300,8957753,1568,2410,0
math,UCQBJ3krR_RiEL8lawV8CM7g,Mathematics Visualised,878,62743,1,257,0
